t_unix,t_ros_ns,run_folder,run_id,goal_id,v_pred_lin,w_pred_ang,v_cmd_lin,w_cmd_ang,x,y,yaw,dist_to_goal
1773764326.8262346,1773764326826242530,Sr02_gA+B_eps15_IMG1_LID1_STA1_CFC64_OH1,0317_1718,A,-0.19087187945842743,0.027130797505378723,0.0,0.0,-1.3722912079818332e-14,-2.43997308503381e-24,-7.0604635989575315e-12,33.803352159512215
1773764326.946047,1773764326946054945,Sr02_gA+B_eps15_IMG1_LID1_STA1_CFC64_OH1,0317_1718,A,-0.19087187945842743,0.027130797505378723,0.0,0.0,-1.3722912079818332e-14,-2.43997308503381e-24,-7.0604635989575315e-12,33.803352159512215
1773764327.0703354,1773764327070342734,Sr02_gA+B_eps15_IMG1_LID1_STA1_CFC64_OH1,0317_1718,A,-0.012714982032775879,-0.0010540750809013844,0.0,0.0,-1.3875111404719209e-14,-2.4388984872398507e-24,-7.060463592127794e-12,33.803352159512215
1773764327.1862664,1773764327186274686,Sr02_gA+B_eps15_IMG1_LID1_STA1_CFC64_OH1,0317_1718,A,-0.2122567743062973,0.0013755075633525848,-0.5,0.0,-1.3951063673253779e-14,-2.438362229013044e-24,-7.060463587550159e-12,33.803352159512215
1773764327.3055067,1773764327305515072,Sr02_gA+B_eps15_IMG1_LID1_STA1_CFC64_OH1,0317_1718,A,-0.12515246868133545,-0.02549068257212639,0.0,0.0,-1.4065313579486229e-14,-2.4375555717050118e-24,-7.060463702606434e-12,33.803352159512215
1773764327.4249322,1773764327424939636,Sr02_gA+B_eps15_IMG1_LID1_STA1_CFC64_OH1,0317_1718,A,-0.5135242938995361,-0.047518353909254074,-0.5,0.0,-1.414125096902855e-14,-2.4370194185205867e-24,-7.0604637454894945e-12,33.803352159512215
1773764327.5435002,1773764327543510411,Sr02_gA+B_eps15_IMG1_LID1_STA1_CFC64_OH1,0317_1718,A,-0.2712680399417877,0.004629030823707581,-0.5,0.0,1.8458794397069533e-12,-1.2282642284460404e-15,0.002170430171390293,33.80335215951403
1773764327.6631227,1773764327663130673,Sr02_gA+B_eps15_IMG1_LID1_STA1_CFC64_OH1,0317_1718,A,-0.3491026759147644,-0.031874217092990875,-0.5,0.0,-2.3142797265736174e-12,-1.8723600986744596e-14,0.006240025463453511,33.80335215950997
1773764327.782108,1773764327782116731,Sr02_gA+B_eps15_IMG1_LID1_STA1_CFC64_OH1,0317_1718,A,-0.3502829968929291,-0.08158552646636963,-0.5,0.0,-6.6397088586069224e-12,-4.68070828084748e-14,0.006416496703521438,33.80335215950576
1773764327.909662,1773764327909669062,Sr02_gA+B_eps15_IMG1_LID1_STA1_CFC64_OH1,0317_1718,A,-0.47603797912597656,0.05066058412194252,-0.5,0.0,-0.003805352876641262,-2.410159760105171e-05,0.006309325475043077,33.79964364590452
1773764328.0344868,1773764328034495056,Sr02_gA+B_eps15_IMG1_LID1_STA1_CFC64_OH1,0317_1718,A,-0.47585833072662354,0.05038986727595329,-0.5,0.0,-0.016516807778327387,-0.00010366837955702785,0.005561976979501666,33.78725562489233
1773764328.1523266,1773764328152334252,Sr02_gA+B_eps15_IMG1_LID1_STA1_CFC64_OH1,0317_1718,A,-0.48835134506225586,-0.03744335100054741,-0.5,0.0,-0.032637373181646785,-0.00015469166720730174,0.002256252751472161,33.77153469391794
1773764328.2733178,1773764328273327352,Sr02_gA+B_eps15_IMG1_LID1_STA1_CFC64_OH1,0317_1718,A,-0.451121985912323,-0.0227646566927433,-0.5,0.0,-0.06493819403320295,-0.00019770326437359683,0.0006161323371788244,33.74002281793127
1773764328.4013402,1773764328401348137,Sr02_gA+B_eps15_IMG1_LID1_STA1_CFC64_OH1,0317_1718,A,-0.5221798419952393,-0.056356031447649,-0.5,0.0,-0.11255543581984864,-0.00018356122266296516,-0.0015882071600128353,33.69355438257854
1773764328.5175962,1773764328517604910,Sr02_gA+B_eps15_IMG1_LID1_STA1_CFC64_OH1,0317_1718,A,-0.5257078409194946,-0.05649568513035774,-0.5,0.0,-0.1875306830492073,0.0003482492650377758,-0.012789313717875114,33.6202827795454
1773764328.634685,1773764328634693141,Sr02_gA+B_eps15_IMG1_LID1_STA1_CFC64_OH1,0317_1718,A,-0.4938756227493286,-0.016208872199058533,-0.5,0.0,-0.23744540043822554,0.0009093322652695946,-0.00882212275064042,33.57146098660467
1773764328.7537644,1773764328753771733,Sr02_gA+B_eps15_IMG1_LID1_STA1_CFC64_OH1,0317_1718,A,-0.49732017517089844,-0.26353970170021057,-0.5,-0.5,-0.2874443527793368,0.0012242179142906585,-0.003777732153901911,33.522614373014044
1773764328.8771,1773764328877108490,Sr02_gA+B_eps15_IMG1_LID1_STA1_CFC64_OH1,0317_1718,A,-0.49440890550613403,-0.22944799065589905,-0.5,-0.5,-0.3624124179750644,0.0013735605815743044,-0.0034318214003454667,33.44945162042353
1773764328.9994695,1773764328999479417,Sr02_gA+B_eps15_IMG1_LID1_STA1_CFC64_OH1,0317_1718,A,-0.5296747088432312,-0.266612708568573,-0.5,-0.5,-0.412411849117434,0.0016090350506872862,-0.00585507999122783,33.40063070217931
1773764329.115857,1773764329115864332,Sr02_gA+B_eps15_IMG1_LID1_STA1_CFC64_OH1,0317_1718,A,-0.5090920925140381,-0.5320981740951538,-0.5,-0.5,-0.4874086810717859,0.0022778188269011366,-0.01296478925950975,33.32733836169268
1773764329.2372475,1773764329237259430,Sr02_gA+B_eps15_IMG1_LID1_STA1_CFC64_OH1,0317_1718,A,-0.5534294843673706,-0.10329153388738632,-0.5,0.0,-0.5374023808144258,0.0030671376249412313,-0.018611552648279725,33.2784090663043
1773764329.3639188,1773764329363927696,Sr02_gA+B_eps15_IMG1_LID1_STA1_CFC64_OH1,0317_1718,A,-0.5477014780044556,-0.10900847613811493,-0.5,0.0,-0.6123816018397387,0.004611457287701316,-0.02186594155615764,33.204952207059684
1773764329.483925,1773764329483934807,Sr02_gA+B_eps15_IMG1_LID1_STA1_CFC64_OH1,0317_1718,A,-0.36841264367103577,-0.28448718786239624,-0.5,-0.5,-0.6619030249352845,0.005998164606488621,-0.03785657327303046,33.1563585676339
1773764329.6060483,1773764329606056645,Sr02_gA+B_eps15_IMG1_LID1_STA1_CFC64_OH1,0317_1718,A,-0.4723348021507263,-0.3754376173019409,-0.5,-0.5,-0.7118411038957412,0.008463558148787716,-0.06080133608271095,33.107121612656854
1773764329.7263303,1773764329726338204,Sr02_gA+B_eps15_IMG1_LID1_STA1_CFC64_OH1,0317_1718,A,-0.45980527997016907,-0.30269643664360046,-0.5,-0.5,-0.786576312028087,0.014415114739184496,-0.099563847676197,33.03293612522686
1773764329.848096,1773764329848104131,Sr02_gA+B_eps15_IMG1_LID1_STA1_CFC64_OH1,0317_1718,A,-0.46115294098854065,-0.3204154670238495,-0.5,-0.5,-0.8357005381137538,0.020281778708896626,-0.1418550817609809,32.983739502324944
1773764329.9651315,1773764329965139402,Sr02_gA+B_eps15_IMG1_LID1_STA1_CFC64_OH1,0317_1718,A,-0.5199812650680542,-0.3611917197704315,-0.5,-0.5,-0.9090073447042438,0.03283312758773507,-0.18558460369885993,32.909479398060256
1773764330.087046,1773764330087053768,Sr02_gA+B_eps15_IMG1_LID1_STA1_CFC64_OH1,0317_1718,A,-0.5071107745170593,-0.4648856520652771,-0.5,-0.5,-0.9580975103092589,0.0423268391103175,-0.19648542740145766,32.85950831619875
1773764330.2106369,1773764330210644424,Sr02_gA+B_eps15_IMG1_LID1_STA1_CFC64_OH1,0317_1718,A,-0.5108545422554016,-0.47046521306037903,-0.5,-0.5,-1.0068672350916679,0.05237287414535442,-0.2127834287315046,32.80972647834664
1773764330.3313103,1773764330331318352,Sr02_gA+B_eps15_IMG1_LID1_STA1_CFC64_OH1,0317_1718,A,-0.4884865880012512,-0.4470641016960144,-0.5,-0.5,-1.079663537809067,0.06995451682458519,-0.2642813411678542,32.734842544900566
1773764330.4513576,1773764330451365510,Sr02_gA+B_eps15_IMG1_LID1_STA1_CFC64_OH1,0317_1718,A,-0.4854466915130615,-0.37816333770751953,-0.5,-0.5,-1.127692605253077,0.08380611507097095,-0.2960777862397637,32.68493402519255
1773764330.5704741,1773764330570483185,Sr02_gA+B_eps15_IMG1_LID1_STA1_CFC64_OH1,0317_1718,A,-0.4923616051673889,-0.4838276207447052,-0.5,-0.5,-1.1988836745025782,0.10738055252272781,-0.3437856127532381,32.61027965565004
1773764330.6934245,1773764330693432342,Sr02_gA+B_eps15_IMG1_LID1_STA1_CFC64_OH1,0317_1718,A,-0.493324875831604,-0.4856821894645691,-0.5,-0.5,-1.2456343222233746,0.1250744942629883,-0.3798679456501749,32.560763029312724
1773764330.8146257,1773764330814636019,Sr02_gA+B_eps15_IMG1_LID1_STA1_CFC64_OH1,0317_1718,A,-0.47773391008377075,-0.37639108300209045,-0.5,-0.5,-1.314335582266087,0.1549557428875228,-0.4441976636440196,32.487137748984104
1773764330.9361677,1773764330936177243,Sr02_gA+B_eps15_IMG1_LID1_STA1_CFC64_OH1,0317_1718,A,-0.5154286026954651,-0.5300604104995728,-0.5,-0.5,-1.3589613718069844,0.17749631926348822,-0.4912441137446409,32.43862223362791
1773764331.0589876,1773764331058994330,Sr02_gA+B_eps15_IMG1_LID1_STA1_CFC64_OH1,0317_1718,A,-0.520142138004303,-0.5377441644668579,-0.5,-0.5,-1.4024964901111039,0.20207827010694157,-0.5364184907203836,32.39072294747711
1773764331.1813,1773764331181308500,Sr02_gA+B_eps15_IMG1_LID1_STA1_CFC64_OH1,0317_1718,A,-0.49583154916763306,-0.5232439637184143,-0.5,-0.5,-1.4657246188252906,0.24239634325588286,-0.5965879750613514,32.320149277018174
1773764331.3075573,1773764331307566473,Sr02_gA+B_eps15_IMG1_LID1_STA1_CFC64_OH1,0317_1718,A,-0.5059162974357605,-0.49794507026672363,-0.5,-0.5,-1.5063703218191904,0.27138544535431075,-0.6435293506696057,32.274116374493346
1773764331.43368,1773764331433688229,Sr02_gA+B_eps15_IMG1_LID1_STA1_CFC64_OH1,0317_1718,A,-0.4899922013282776,-0.5103146433830261,-0.5,-0.5,-1.5646781332705537,0.3185154657378927,-0.7143776875583824,32.206886188920585
1773764331.5558827,1773764331555889386,Sr02_gA+B_eps15_IMG1_LID1_STA1_CFC64_OH1,0317_1718,A,-0.48709142208099365,-0.5045892596244812,-0.5,-0.5,-1.6018278613830592,0.3519759245073229,-0.7520167538603297,32.16332034113055
1773764331.6801925,1773764331680201842,Sr02_gA+B_eps15_IMG1_LID1_STA1_CFC64_OH1,0317_1718,A,-0.45164191722869873,-0.35546156764030457,-0.5,-0.5,-1.65469422320483,0.4049283525776737,-0.8247600547475955,32.10019732798302
1773764331.7991724,1773764331799181358,Sr02_gA+B_eps15_IMG1_LID1_STA1_CFC64_OH1,0317_1718,A,-0.4589919447898865,-0.3986864686012268,-0.5,-0.5,-1.6876274896630084,0.44254214482044507,-0.8785343942427826,32.059899848002786
1773764331.9188926,1773764331918899896,Sr02_gA+B_eps15_IMG1_LID1_STA1_CFC64_OH1,0317_1718,A,-0.4897504448890686,-0.3960590660572052,-0.5,-0.5,-1.733186862463192,0.5020943870817444,-0.9565149195047852,32.00258355621572
1773764332.035754,1773764332035761891,Sr02_gA+B_eps15_IMG1_LID1_STA1_CFC64_OH1,0317_1718,A,-0.47886770963668823,-0.4289219081401825,-0.5,-0.5,-1.7609764505311472,0.5436542483246565,-1.006309364621899,31.966540030954867
1773764332.1554034,1773764332155410377,Sr02_gA+B_eps15_IMG1_LID1_STA1_CFC64_OH1,0317_1718,A,-0.4277767241001129,-0.29125845432281494,-0.5,-0.5,-1.7866459002310335,0.586555755927298,-1.057093358185587,31.932320727039695
1773764332.2754834,1773764332275491398,Sr02_gA+B_eps15_IMG1_LID1_STA1_CFC64_OH1,0317_1718,A,-0.43325915932655334,-0.1379731446504593,-0.5,0.0,-1.820979399892665,0.6532154111405165,-1.1330679129008983,31.884660649362903
1773764332.3922024,1773764332392209091,Sr02_gA+B_eps15_IMG1_LID1_STA1_CFC64_OH1,0317_1718,A,-0.20393560826778412,-0.05436692014336586,-0.5,0.0,-1.8413117506775558,0.69885467861009,-1.169534355184213,31.855194357508445
1773764332.5102484,1773764332510263423,Sr02_gA+B_eps15_IMG1_LID1_STA1_CFC64_OH1,0317_1718,A,-0.21673177182674408,-0.06625926494598389,-0.5,0.0,-1.8599670770816341,0.7452289553288058,-1.208045290787158,31.827266468957223
1773764332.6240997,1773764332624107570,Sr02_gA+B_eps15_IMG1_LID1_STA1_CFC64_OH1,0317_1718,A,-0.444691002368927,-0.243418887257576,-0.5,-0.5,-1.8844727394196963,0.8161007255792343,-1.2676379667753628,31.788608345615085
1773764332.7432775,1773764332743284948,Sr02_gA+B_eps15_IMG1_LID1_STA1_CFC64_OH1,0317_1718,A,-0.1365116983652115,-0.21524348855018616,0.0,-0.5,-1.8983867142248572,0.8641217567259519,-1.3102014384292513,31.765121820291736
1773764332.8677392,1773764332867747227,Sr02_gA+B_eps15_IMG1_LID1_STA1_CFC64_OH1,0317_1718,A,-0.07789433002471924,-0.2514529526233673,0.0,-0.5,-1.9102840247082586,0.9126393742424977,-1.3471980616002053,31.743570102086338
1773764332.9905145,1773764332990521885,Sr02_gA+B_eps15_IMG1_LID1_STA1_CFC64_OH1,0317_1718,A,-0.12411187589168549,-0.18311026692390442,0.0,-0.5,-1.9255755757842776,0.9859700425759302,-1.3777721057447456,31.71375311290229
1773764333.10894,1773764333108947497,Sr02_gA+B_eps15_IMG1_LID1_STA1_CFC64_OH1,0317_1718,A,-0.0708116888999939,-0.052133236080408096,0.0,0.0,-1.9349068178135629,1.0350589777151367,-1.3862363968535303,31.69476324855137
1773764333.2287617,1773764333228769069,Sr02_gA+B_eps15_IMG1_LID1_STA1_CFC64_OH1,0317_1718,A,0.20534129440784454,-0.46836063265800476,0.5,-0.5,-1.9483274584470012,1.108848144127812,-1.3958184870104,31.666938976776265
1773764333.3451207,1773764333345129459,Sr02_gA+B_eps15_IMG1_LID1_STA1_CFC64_OH1,0317_1718,A,0.2881898880004883,-0.47039559483528137,0.5,-0.5,-1.9566436358246708,1.1579092900140875,-1.4132971640780587,31.64911909300611
1773764333.463424,1773764333463431487,Sr02_gA+B_eps15_IMG1_LID1_STA1_CFC64_OH1,0317_1718,A,-0.009074360132217407,-0.1315535604953766,0.0,0.0,-1.9644185103569396,1.2117541883642426,-1.4435068498788464,31.63096651213015
1773764333.5879567,1773764333587963557,Sr02_gA+B_eps15_IMG1_LID1_STA1_CFC64_OH1,0317_1718,A,0.1647525131702423,0.03587697446346283,0.0,0.0,-1.965907915338995,1.22394301540623,-1.4580411003171263,31.627134297345826
1773764333.708126,1773764333708133557,Sr02_gA+B_eps15_IMG1_LID1_STA1_CFC64_OH1,0317_1718,A,0.18264608085155487,0.04308723285794258,0.0,0.0,-1.965996085133839,1.2247379353075973,-1.47554850530556,31.6268933148537
1773764333.828333,1773764333828340115,Sr02_gA+B_eps15_IMG1_LID1_STA1_CFC64_OH1,0317_1718,A,0.1119912713766098,-0.05607098713517189,0.0,0.0,-1.9659961932737209,1.2247391635903502,-1.4889062336075203,31.62689297007146
1773764333.9465177,1773764333946525544,Sr02_gA+B_eps15_IMG1_LID1_STA1_CFC64_OH1,0317_1718,A,0.46442151069641113,-0.19798608124256134,0.5,-0.5,-1.965364248627453,1.2167203630669474,-1.493545071777471,31.629072185312193
1773764334.0683558,1773764334068362755,Sr02_gA+B_eps15_IMG1_LID1_STA1_CFC64_OH1,0317_1718,A,0.48690634965896606,-0.33963534235954285,0.5,-0.5,-1.9621033704116164,1.1727878057880083,-1.4995326081997988,31.640847614184
1773764334.1906824,1773764334190690631,Sr02_gA+B_eps15_IMG1_LID1_STA1_CFC64_OH1,0317_1718,A,0.49282774329185486,-0.37454426288604736,0.5,-0.5,-1.9601911988856378,1.1449022501808457,-1.5056027602856938,31.64819689495449
1773764334.315341,1773764334315349110,Sr02_gA+B_eps15_IMG1_LID1_STA1_CFC64_OH1,0317_1718,A,0.5061333179473877,-0.1404971331357956,0.5,0.0,-1.9596269703241644,1.1360289589820218,-1.510187806512728,31.6504969184177
1773764334.4320173,1773764334432025485,Sr02_gA+B_eps15_IMG1_LID1_STA1_CFC64_OH1,0317_1718,A,0.48499786853790283,-0.037197768688201904,0.5,0.0,-1.9596185174143494,1.1358897695778225,-1.5044386661531879,31.650532625945797
1773764334.551062,1773764334551070434,Sr02_gA+B_eps15_IMG1_LID1_STA1_CFC64_OH1,0317_1718,A,0.45470282435417175,-0.41119903326034546,0.5,-0.5,-1.959618568246557,1.135890532279127,-1.5080553246435315,31.65053242585626
1773764334.670552,1773764334670560562,Sr02_gA+B_eps15_IMG1_LID1_STA1_CFC64_OH1,0317_1718,A,0.4456387162208557,-0.4420289695262909,0.5,-0.5,-1.9585465930454924,1.1173528237709849,-1.5151210087610791,31.655240451013785
1773764334.7958176,1773764334795826926,Sr02_gA+B_eps15_IMG1_LID1_STA1_CFC64_OH1,0317_1718,A,0.10613134503364563,-0.232549786567688,0.0,-0.5,-1.9567213060012076,1.0834056902568445,-1.5186617941920855,31.663753403322815
1773764334.9198666,1773764334919874103,Sr02_gA+B_eps15_IMG1_LID1_STA1_CFC64_OH1,0317_1718,A,0.4815049171447754,-0.37704646587371826,0.5,-0.5,-1.9546884792672,1.039780786280109,-1.5324911896058202,31.674436966150548
1773764335.043178,1773764335043184861,Sr02_gA+B_eps15_IMG1_LID1_STA1_CFC64_OH1,0317_1718,A,0.47809797525405884,-0.3944534659385681,0.5,-0.5,-1.9529769512446244,0.9665107806844063,-1.558733573983265,31.690840244501818
1773764335.1659682,1773764335165979678,Sr02_gA+B_eps15_IMG1_LID1_STA1_CFC64_OH1,0317_1718,A,0.5154199600219727,-0.550718367099762,0.5,-0.5,-1.9525566539422832,0.9165623399238132,-1.564487368000376,31.7013838560151
1773764335.2835565,1773764335283563934,Sr02_gA+B_eps15_IMG1_LID1_STA1_CFC64_OH1,0317_1718,A,0.2706591784954071,-0.3959595859050751,0.5,-0.5,-1.952635079746915,0.8422462538097925,-1.587465644995306,31.716521640449706
1773764335.401446,1773764335401453796,Sr02_gA+B_eps15_IMG1_LID1_STA1_CFC64_OH1,0317_1718,A,0.4771857261657715,-0.46313726902008057,0.5,-0.5,-1.9544356292694187,0.7928915528662809,-1.6286403939417942,31.724956660030738
1773764335.515873,1773764335515881804,Sr02_gA+B_eps15_IMG1_LID1_STA1_CFC64_OH1,0317_1718,A,0.4738878905773163,-0.48261767625808716,0.5,-0.5,-1.959479759497021,0.7342666554880342,-1.6899941183128588,31.732231833658386
1773764335.634406,1773764335634415088,Sr02_gA+B_eps15_IMG1_LID1_STA1_CFC64_OH1,0317_1718,A,0.47229984402656555,-0.36033129692077637,0.5,-0.5,-1.9640333764722415,0.7016367080504857,-1.7249842833124471,31.73462053252876
1773764335.7534406,1773764335753447865,Sr02_gA+B_eps15_IMG1_LID1_STA1_CFC64_OH1,0317_1718,A,0.47873422503471375,-0.37615686655044556,0.5,-0.5,-1.9721207476887883,0.6548331991648023,-1.7594938200479122,31.736585662057426
1773764335.8725524,1773764335872560571,Sr02_gA+B_eps15_IMG1_LID1_STA1_CFC64_OH1,0317_1718,A,0.42477700114250183,-0.3508853018283844,0.5,-0.5,-1.988623662833794,0.5819008339779634,-1.8316291344082805,31.735978948966668
1773764335.9926498,1773764335992657373,Sr02_gA+B_eps15_IMG1_LID1_STA1_CFC64_OH1,0317_1718,A,0.5224801301956177,-0.6439105272293091,0.5,-0.5,-2.0024757623556733,0.5339171767752459,-1.8716496791182,31.732751690358445
1773764336.1172702,1773764336117277990,Sr02_gA+B_eps15_IMG1_LID1_STA1_CFC64_OH1,0317_1718,A,0.49469369649887085,-0.49958252906799316,0.5,-0.5,-2.0182945207746275,0.4865195740349362,-1.9156679724975225,31.7275557457924
1773764336.24035,1773764336240357623,Sr02_gA+B_eps15_IMG1_LID1_STA1_CFC64_OH1,0317_1718,A,0.4466053545475006,-0.5550976395606995,0.5,-0.5,-2.0461565387586633,0.41690448580566725,-1.9876709277285616,31.715549729505817
1773764336.3645716,1773764336364579089,Sr02_gA+B_eps15_IMG1_LID1_STA1_CFC64_OH1,0317_1718,A,0.3565574288368225,-0.5569465160369873,0.5,-0.5,-2.0672762105559452,0.37163463761004945,-2.025474019085848,31.70490778070152
1773764336.4861083,1773764336486115874,Sr02_gA+B_eps15_IMG1_LID1_STA1_CFC64_OH1,0317_1718,A,0.4800122082233429,-0.526171863079071,0.5,-0.5,-2.102060172022686,0.305199651112887,-2.081011731314285,31.68573175704144
1773764336.6140451,1773764336614054114,Sr02_gA+B_eps15_IMG1_LID1_STA1_CFC64_OH1,0317_1718,A,0.48611176013946533,-0.4585610330104828,0.5,-0.5,-2.1272388327237817,0.2620049964748806,-2.11610021819584,31.67085546832048
1773764336.7386572,1773764336738665334,Sr02_gA+B_eps15_IMG1_LID1_STA1_CFC64_OH1,0317_1718,A,0.4767131507396698,-0.3985949158668518,0.5,-0.5,-2.167897399027076,0.19984712467513266,-2.1927252245527065,31.64526366040006
1773764336.85662,1773764336856627202,Sr02_gA+B_eps15_IMG1_LID1_STA1_CFC64_OH1,0317_1718,A,0.4876016676425934,-0.37765344977378845,0.5,-0.5,-2.198074091808866,0.16003944181756044,-2.2445471672837707,31.62492588345663
1773764336.9733214,1773764336973329205,Sr02_gA+B_eps15_IMG1_LID1_STA1_CFC64_OH1,0317_1718,A,0.47003841400146484,-0.4784663915634155,0.5,-0.5,-2.2472225668398633,0.10341625510005976,-2.3272750617822076,31.590052908711886
1773764337.0894957,1773764337089503003,Sr02_gA+B_eps15_IMG1_LID1_STA1_CFC64_OH1,0317_1718,A,0.5167936086654663,-0.4508266746997833,0.5,-0.5,-2.2825354126935387,0.06802760821299504,-2.3829696642579297,31.563857594683267
1773764337.209388,1773764337209396882,Sr02_gA+B_eps15_IMG1_LID1_STA1_CFC64_OH1,0317_1718,A,0.5309942364692688,-0.47411417961120605,0.5,-0.5,-2.319731028873984,0.03462248887092559,-2.436202304122861,31.535427173081445
1773764337.3281837,1773764337328190929,Sr02_gA+B_eps15_IMG1_LID1_STA1_CFC64_OH1,0317_1718,A,0.5319162011146545,-0.48762473464012146,0.5,-0.5,-2.3785181753169873,-0.011926634351229924,-2.50633865389958,31.489137484219427
1773764337.446529,1773764337446536590,Sr02_gA+B_eps15_IMG1_LID1_STA1_CFC64_OH1,0317_1718,A,0.4949948489665985,-0.263447642326355,0.5,-0.5,-2.419361196371958,-0.04076260858170302,-2.546797803946417,31.456216397917586
1773764337.5727649,1773764337572772222,Sr02_gA+B_eps15_IMG1_LID1_STA1_CFC64_OH1,0317_1718,A,0.5057733654975891,-0.24580533802509308,0.5,-0.5,-2.461311633164319,-0.067962821521527,-2.5854007713684464,31.421877145298602
1773764337.703157,1773764337703165378,Sr02_gA+B_eps15_IMG1_LID1_STA1_CFC64_OH1,0317_1718,A,0.5162025690078735,-0.24605557322502136,0.5,-0.5,-2.5261548878910958,-0.10547710259429646,-2.652090327994774,31.367801507701753
1773764337.8236423,1773764337823649440,Sr02_gA+B_eps15_IMG1_LID1_STA1_CFC64_OH1,0317_1718,A,0.4615246653556824,-0.15463139116764069,0.5,-0.5,-2.5708092717837396,-0.127961693447604,-2.6977257500229057,31.329810197535277
1773764337.9409795,1773764337940986590,Sr02_gA+B_eps15_IMG1_LID1_STA1_CFC64_OH1,0317_1718,A,0.4973898231983185,-0.016665201634168625,0.5,0.0,-2.639616415909917,-0.15776466008800455,-2.768377043469525,31.270169758167448
1773764338.0658603,1773764338065870514,Sr02_gA+B_eps15_IMG1_LID1_STA1_CFC64_OH1,0317_1718,A,0.4995168447494507,-0.06473257392644882,0.5,0.0,-2.686600344623483,-0.1748530979600075,-2.817139458113266,31.22869478796952
1773764338.1805704,1773764338180579011,Sr02_gA+B_eps15_IMG1_LID1_STA1_CFC64_OH1,0317_1718,A,0.5023415088653564,-0.05433458089828491,0.5,0.0,-2.7580168971907644,-0.19701100207107924,-2.8608604603382415,31.164772742338293
1773764338.3022513,1773764338302265058,Sr02_gA+B_eps15_IMG1_LID1_STA1_CFC64_OH1,0317_1718,A,0.4938358664512634,-0.023796088993549347,0.5,0.0,-2.806224945706161,-0.2102721424914661,-2.8854409576960824,31.12123781834755
1773764338.4190087,1773764338419016414,Sr02_gA+B_eps15_IMG1_LID1_STA1_CFC64_OH1,0317_1718,A,0.5034721493721008,-0.085139200091362,0.5,0.0,-2.8547444582816146,-0.22234402953091012,-2.910041469886881,31.077129721922176
1773764338.5434873,1773764338543495435,Sr02_gA+B_eps15_IMG1_LID1_STA1_CFC64_OH1,0317_1718,A,0.5057613253593445,-0.0959082692861557,0.5,0.0,-2.927968612241343,-0.23839312724474876,-2.938420540608797,31.010064566458002
1773764338.6739676,1773764338673976007,Sr02_gA+B_eps15_IMG1_LID1_STA1_CFC64_OH1,0317_1718,A,0.49876847863197327,-0.0448654405772686,0.5,0.0,-2.97687477559078,-0.24833296729877266,-2.9421918084977565,30.965100385178527
1773764338.7908683,1773764338790875673,Sr02_gA+B_eps15_IMG1_LID1_STA1_CFC64_OH1,0317_1718,A,0.49998939037323,-0.0004625599831342697,0.5,0.0,-3.050422985363288,-0.26295901333879307,-2.949661540236921,30.897429357943345
1773764338.9124992,1773764338912506496,Sr02_gA+B_eps15_IMG1_LID1_STA1_CFC64_OH1,0317_1718,A,0.4784989655017853,0.0074563464149832726,0.5,0.0,-3.099530536923638,-0.27236336930464045,-2.9550949900566224,30.85217527042639
1773764339.038397,1773764339038405663,Sr02_gA+B_eps15_IMG1_LID1_STA1_CFC64_OH1,0317_1718,A,0.500834047794342,0.0013612667098641396,0.5,0.0,-3.1732625040721847,-0.28609615874561867,-2.9592751897748366,30.78416028702224
1773764339.1614757,1773764339161482952,Sr02_gA+B_eps15_IMG1_LID1_STA1_CFC64_OH1,0317_1718,A,0.499519407749176,-0.0007896535098552704,0.5,0.0,-3.2224541954049752,-0.29496141302929774,-2.967529371682945,30.738726833065787
1773764339.279135,1773764339279142601,Sr02_gA+B_eps15_IMG1_LID1_STA1_CFC64_OH1,0317_1718,A,0.5012822151184082,0.000962444581091404,0.5,0.0,-3.2963999771503327,-0.3074210114816586,-2.9810011767874576,30.670240112048983
1773764339.3972247,1773764339397232260,Sr02_gA+B_eps15_IMG1_LID1_STA1_CFC64_OH1,0317_1718,A,0.4989054203033447,-0.0008961409330368042,0.5,0.0,-3.345774387438938,-0.3153053689667656,-2.9854877181771613,30.624418538633186
1773764339.519704,1773764339519711402,Sr02_gA+B_eps15_IMG1_LID1_STA1_CFC64_OH1,0317_1718,A,0.4988272190093994,-0.0020002061501145363,0.5,0.0,-3.3951620826927065,-0.3230345682567976,-2.9864771028890353,30.578558160066184
1773764339.6369312,1773764339636938986,Sr02_gA+B_eps15_IMG1_LID1_STA1_CFC64_OH1,0317_1718,A,0.499620258808136,-0.00086960569024086,0.5,0.0,-3.4692568277039877,-0.3346521203729075,-2.9855170366862005,30.50978513602904
1773764339.7529998,1773764339753006384,Sr02_gA+B_eps15_IMG1_LID1_STA1_CFC64_OH1,0317_1718,A,0.49878576397895813,0.0008117351680994034,0.5,0.0,-3.518648540660421,-0.34242761844545705,-2.98538090557391,30.463965121109005
1773764339.8762426,1773764339876251359,Sr02_gA+B_eps15_IMG1_LID1_STA1_CFC64_OH1,0317_1718,A,0.500126838684082,0.0005285562947392464,0.5,0.0,-3.5680396047652785,-0.3502072372669431,-2.9853953416490033,30.418159947126195
1773764339.9975562,1773764339997563441,Sr02_gA+B_eps15_IMG1_LID1_STA1_CFC64_OH1,0317_1718,A,0.5000632405281067,0.0005957521498203278,0.5,0.0,-3.64212625838241,-0.36187630045488195,-2.985303539395214,30.349476866209336
1773764340.1187778,1773764340118786325,Sr02_gA+B_eps15_IMG1_LID1_STA1_CFC64_OH1,0317_1718,A,0.5001689195632935,-5.210191011428833e-05,0.5,0.0,-3.691516928396602,-0.3696584208207183,-2.9853559802703225,30.30370590439267
1773764340.2442462,1773764340244254150,Sr02_gA+B_eps15_IMG1_LID1_STA1_CFC64_OH1,0317_1718,A,0.4997953474521637,-0.0008180113509297371,0.5,0.0,-3.7656046262428338,-0.38132085122913406,-2.985600806686671,30.235070185914513
1773764340.3662848,1773764340366293082,Sr02_gA+B_eps15_IMG1_LID1_STA1_CFC64_OH1,0317_1718,A,0.4995003044605255,-0.00013870187103748322,0.5,0.0,-3.814997856978607,-0.3890867020428986,-2.9856877679785945,30.189326138644393
1773764340.488912,1773764340488919281,Sr02_gA+B_eps15_IMG1_LID1_STA1_CFC64_OH1,0317_1718,A,0.5024892091751099,0.010640117339789867,0.5,0.0,-3.8890880335793776,-0.4007333759666694,-2.985622112700657,30.120734571533262
1773764340.606088,1773764340606095378,Sr02_gA+B_eps15_IMG1_LID1_STA1_CFC64_OH1,0317_1718,A,0.5013711452484131,0.000296582467854023,0.5,0.0,-3.938480886825207,-0.4085016274209205,-2.9855692571408357,30.075025419286145
1773764340.7304208,1773764340730428003,Sr02_gA+B_eps15_IMG1_LID1_STA1_CFC64_OH1,0317_1718,A,0.5001451969146729,0.00050327368080616,0.5,0.0,-3.987873308257619,-0.41627262396603054,-2.985510354032164,30.02933107168778
1773764340.8528254,1773764340852832535,Sr02_gA+B_eps15_IMG1_LID1_STA1_CFC64_OH1,0317_1718,A,0.4996516704559326,0.00014465674757957458,0.5,0.0,-4.061961324376699,-0.42793303364856916,-2.9854857761601457,29.96081694948527
1773764340.9749727,1773764340974981033,Sr02_gA+B_eps15_IMG1_LID1_STA1_CFC64_OH1,0317_1718,A,0.4973756670951843,0.00018089544028043747,0.5,0.0,-4.111353641419013,-0.435704693623915,-2.9855675765753715,29.915157350565604
1773764341.0913615,1773764341091369176,Sr02_gA+B_eps15_IMG1_LID1_STA1_CFC64_OH1,0317_1718,A,0.49916326999664307,-0.0003140633925795555,0.5,0.0,-4.185442928702233,-0.44735702368520336,-2.9856087615928706,29.846691900501273
1773764341.2111347,1773764341211143099,Sr02_gA+B_eps15_IMG1_LID1_STA1_CFC64_OH1,0317_1718,A,0.49939486384391785,0.000700017437338829,0.5,0.0,-4.234832539808576,-0.45514584737790353,-2.9846525478628596,29.80107428774606
1773764341.336403,1773764341336411648,Sr02_gA+B_eps15_IMG1_LID1_STA1_CFC64_OH1,0317_1718,A,0.4989590346813202,-0.00016158819198608398,0.5,0.0,-4.308909363468518,-0.46687715079288866,-2.984504617471096,29.732694289437642
1773764341.4509306,1773764341450938984,Sr02_gA+B_eps15_IMG1_LID1_STA1_CFC64_OH1,0317_1718,A,0.4989347755908966,-0.001828028354793787,0.5,0.0,-4.358293514783105,-0.4747005312272965,-2.98445429034349,29.68712643386221
1773764341.5740957,1773764341574103237,Sr02_gA+B_eps15_IMG1_LID1_STA1_CFC64_OH1,0317_1718,A,0.49803295731544495,-0.0008657211437821388,0.5,0.0,-4.407677341064557,-0.4825259631394191,-2.9844290659276154,29.641573724987346
1773764341.6942477,1773764341694255303,Sr02_gA+B_eps15_IMG1_LID1_STA1_CFC64_OH1,0317_1718,A,0.49852752685546875,-0.0011885929852724075,0.5,0.0,-4.481752828860387,-0.4942656988464374,-2.984403018842651,29.57327226919513
1773764341.8194578,1773764341819466213,Sr02_gA+B_eps15_IMG1_LID1_STA1_CFC64_OH1,0317_1718,A,0.49878939986228943,0.0018273033201694489,0.5,0.0,-4.531136468153283,-0.502092310686356,-2.984429475171569,29.527756076658097
1773764341.941598,1773764341941605314,Sr02_gA+B_eps15_IMG1_LID1_STA1_CFC64_OH1,0317_1718,A,0.49615415930747986,0.004491311497986317,0.5,0.0,-4.605211607215381,-0.5138342464149702,-2.984334614295394,29.4595098945276
1773764342.0620646,1773764342062072324,Sr02_gA+B_eps15_IMG1_LID1_STA1_CFC64_OH1,0317_1718,A,0.49829185009002686,0.0017382875084877014,0.5,0.0,-4.654594688140788,-0.5216643805971626,-2.9843507724288645,29.414031629205475
1773764342.1836383,1773764342183648464,Sr02_gA+B_eps15_IMG1_LID1_STA1_CFC64_OH1,0317_1718,A,0.49861276149749756,0.0009025633335113525,0.5,0.0,-4.70397821514377,-0.5294917006309565,-2.98448358056724,29.3685668775152
1773764342.3063662,1773764342306373760,Sr02_gA+B_eps15_IMG1_LID1_STA1_CFC64_OH1,0317_1718,A,0.4994834363460541,0.0021512340754270554,0.5,0.0,-4.778055557005119,-0.5412197311364303,-2.9846423084317215,29.300391983785335
1773764342.4225929,1773764342422600288,Sr02_gA+B_eps15_IMG1_LID1_STA1_CFC64_OH1,0317_1718,A,0.500846803188324,-0.00107926269993186,0.5,0.0,-4.827441422123671,-0.549032285556796,-2.984757938575652,29.254958016912607
1773764342.546271,1773764342546278931,Sr02_gA+B_eps15_IMG1_LID1_STA1_CFC64_OH1,0317_1718,A,0.5008588433265686,-0.00026682298630476,0.5,0.0,-4.901520523019141,-0.5607491996342125,-2.9845778429213476,29.186834247115897
1773764342.666105,1773764342666114010,Sr02_gA+B_eps15_IMG1_LID1_STA1_CFC64_OH1,0317_1718,A,0.501484215259552,-0.0011021834798157215,0.5,0.0,-4.950903686409923,-0.5685788110232995,-2.984128713073688,29.14144495209066
1773764342.7873538,1773764342787361992,Sr02_gA+B_eps15_IMG1_LID1_STA1_CFC64_OH1,0317_1718,A,0.5002064108848572,-0.0029148892499506474,0.5,0.0,-5.024973396610391,-0.5803549425815393,-2.983802091548898,29.073402890560853
1773764342.9063153,1773764342906322863,Sr02_gA+B_eps15_IMG1_LID1_STA1_CFC64_OH1,0317_1718,A,0.5008121728897095,-0.0005276966840028763,0.5,0.0,-5.074351882706344,-0.5882140005524483,-2.983711835313597,29.028064111275615
1773764343.0242326,1773764343024241269,Sr02_gA+B_eps15_IMG1_LID1_STA1_CFC64_OH1,0317_1718,A,0.49964749813079834,-0.00034770648926496506,0.5,0.0,-5.123729261473424,-0.5960800122325002,-2.983509199900376,28.98274364127785
1773764343.143537,1773764343143544947,Sr02_gA+B_eps15_IMG1_LID1_STA1_CFC64_OH1,0317_1718,A,0.5003145337104797,-0.0002865167334675789,0.5,0.0,-5.197793697739158,-0.6078892696806046,-2.983533742973695,28.91479625523661
1773764343.267104,1773764343267113151,Sr02_gA+B_eps15_IMG1_LID1_STA1_CFC64_OH1,0317_1718,A,0.49956366419792175,-0.0019363570027053356,0.5,0.0,-5.247170533309832,-0.6157586909955807,-2.9835604254017682,28.869515929642645
1773764343.388675,1773764343388685805,Sr02_gA+B_eps15_IMG1_LID1_STA1_CFC64_OH1,0317_1718,A,0.49865853786468506,-0.0003248825669288635,0.5,0.0,-5.321236653405607,-0.6275573828617015,-2.983700691240301,28.801622372977256
1773764343.5046673,1773764343504675587,Sr02_gA+B_eps15_IMG1_LID1_STA1_CFC64_OH1,0317_1718,A,0.49906983971595764,-0.0002164812758564949,0.5,0.0,-5.370615707038864,-0.6354128731797228,-2.983974051273419,28.756375175668477
1773764343.6262915,1773764343626299467,Sr02_gA+B_eps15_IMG1_LID1_STA1_CFC64_OH1,0317_1718,A,0.5002421736717224,-0.00043573882430791855,0.5,0.0,-5.419996283102071,-0.6432587886697474,-2.984050694568775,28.71113961082963
1773764343.746547,1773764343746554708,Sr02_gA+B_eps15_IMG1_LID1_STA1_CFC64_OH1,0317_1718,A,0.49883416295051575,-0.0019874675199389458,0.5,0.0,-5.494067851739457,-0.6550232268154726,-2.98410943832785,28.643314046690627
1773764343.8695107,1773764343869519275,Sr02_gA+B_eps15_IMG1_LID1_STA1_CFC64_OH1,0317_1718,A,0.5005471706390381,-0.0009009623900055885,0.5,0.0,-5.543449217237267,-0.6628641721951488,-2.9841380899673706,28.598116037437364
1773764343.9851599,1773764343985168906,Sr02_gA+B_eps15_IMG1_LID1_STA1_CFC64_OH1,0317_1718,A,0.5010861754417419,-0.00026635918766260147,0.5,0.0,-5.617522617407412,-0.6746170714370735,-2.9843790466531326,28.53034536714689
1773764344.1039095,1773764344103917537,Sr02_gA+B_eps15_IMG1_LID1_STA1_CFC64_OH1,0317_1718,A,0.49998095631599426,0.001628614030778408,0.5,0.0,-5.6669062299426205,-0.6824438521120745,-2.9844276508077785,28.485181360428207
1773764344.22917,1773764344229177751,Sr02_gA+B_eps15_IMG1_LID1_STA1_CFC64_OH1,0317_1718,A,0.5002375245094299,0.002271193079650402,0.5,0.0,-5.716290068684031,-0.6902692054001764,-2.984450382994054,28.440032914034244
1773764344.3530824,1773764344353091056,Sr02_gA+B_eps15_IMG1_LID1_STA1_CFC64_OH1,0317_1718,A,0.5009185671806335,0.0018852734938263893,0.5,0.0,-5.790366254879113,-0.7020045334244449,-2.9845224896602076,28.372339571483494
1773764344.4727235,1773764344472731789,Sr02_gA+B_eps15_IMG1_LID1_STA1_CFC64_OH1,0317_1718,A,0.5011221766471863,-0.0004881564527750015,0.5,0.0,-5.839751519733111,-0.7098208810396319,-2.9847212357565507,28.32722797568023
1773764344.5912385,1773764344591246139,Sr02_gA+B_eps15_IMG1_LID1_STA1_CFC64_OH1,0317_1718,A,0.500450849533081,0.0006692418828606606,0.5,0.0,-5.913831610925402,-0.7215315328601489,-2.984878110792463,28.259585356768543
1773764344.7183118,1773764344718319329,Sr02_gA+B_eps15_IMG1_LID1_STA1_CFC64_OH1,0317_1718,A,0.4998457133769989,0.0001526353880763054,0.5,0.0,-5.963219028133217,-0.7293342698459228,-2.9849110931749028,28.214509028426495
1773764344.8422463,1773764344842253303,Sr02_gA+B_eps15_IMG1_LID1_STA1_CFC64_OH1,0317_1718,A,0.4991259276866913,-0.001084587536752224,0.5,0.0,-6.037299095348884,-0.7410450725817159,-2.984679327195898,28.14692866378163
1773764344.9656518,1773764344965659062,Sr02_gA+B_eps15_IMG1_LID1_STA1_CFC64_OH1,0317_1718,A,0.49908140301704407,0.0001686401665210724,0.5,0.0,-6.086683921644919,-0.7488641904333547,-2.9844522083963,28.1019012490718
1773764345.084624,1773764345084633559,Sr02_gA+B_eps15_IMG1_LID1_STA1_CFC64_OH1,0317_1718,A,0.5006075501441956,-5.6521035730838776e-05,0.5,0.0,-6.136067067521926,-0.7566939144749842,-2.9842559626808787,28.05689535714207
1773764345.2031965,1773764345203204305,Sr02_gA+B_eps15_IMG1_LID1_STA1_CFC64_OH1,0317_1718,A,0.5017311573028564,-0.00120988255366683,0.5,0.0,-6.210140579536247,-0.7684461101274044,-2.984281715691574,27.98942167135304
1773764345.321328,1773764345321337006,Sr02_gA+B_eps15_IMG1_LID1_STA1_CFC64_OH1,0317_1718,A,0.5025545358657837,-0.002511382568627596,0.5,0.0,-6.259523006908459,-0.7762803649758682,-2.9842263664628077,27.944460291878816
1773764345.4427893,1773764345442796416,Sr02_gA+B_eps15_IMG1_LID1_STA1_CFC64_OH1,0317_1718,A,0.4995778501033783,0.0011240551248192787,0.5,0.0,-6.333595921272849,-0.7880363270293932,-2.9841951780966234,27.877052439966036
1773764345.5611184,1773764345561125958,Sr02_gA+B_eps15_IMG1_LID1_STA1_CFC64_OH1,0317_1718,A,0.49985477328300476,1.2675300240516663e-05,0.5,0.0,-6.382978271517564,-0.795871067921028,-2.9843036364093205,27.832134310718065
1773764345.685923,1773764345685930002,Sr02_gA+B_eps15_IMG1_LID1_STA1_CFC64_OH1,0317_1718,A,0.4992346465587616,-0.001218399964272976,0.5,0.0,-6.4323611572218855,-0.8037024332174996,-2.9843118378922573,27.787232035735535
1773764345.8121052,1773764345812113836,Sr02_gA+B_eps15_IMG1_LID1_STA1_CFC64_OH1,0317_1718,A,0.49979346990585327,-0.002377627417445183,0.5,0.0,-6.506435355760038,-0.8154503010165677,-2.9843090578197904,27.71991171331147
1773764345.935334,1773764345935344635,Sr02_gA+B_eps15_IMG1_LID1_STA1_CFC64_OH1,0317_1718,A,0.5001898407936096,0.0026629678905010223,0.5,0.0,-6.5558186469391115,-0.8232791088626279,-2.9844300449947205,27.67505204981565
1773764346.062044,1773764346062052057,Sr02_gA+B_eps15_IMG1_LID1_STA1_CFC64_OH1,0317_1718,A,0.5002197027206421,0.00014568399637937546,0.5,0.0,-6.62989596007472,-0.8350073189585125,-2.9847183385423786,27.607788942889677
1773764346.1859338,1773764346185941016,Sr02_gA+B_eps15_IMG1_LID1_STA1_CFC64_OH1,0317_1718,A,0.4999745786190033,-0.0002277502790093422,0.5,0.0,-6.679281539740218,-0.842821677633498,-2.9846059339882465,27.56296705885744
1773764346.3104842,1773764346310491582,Sr02_gA+B_eps15_IMG1_LID1_STA1_CFC64_OH1,0317_1718,A,0.4988337457180023,-0.0006321743130683899,0.5,0.0,-6.753358995947758,-0.8545489862954874,-2.984581804285758,27.49577031296011
1773764346.4316642,1773764346431672097,Sr02_gA+B_eps15_IMG1_LID1_STA1_CFC64_OH1,0317_1718,A,0.4999309778213501,0.0010571135208010674,0.5,0.0,-6.802744423897089,-0.8623643037032521,-2.984703643140891,27.45099363606668
1773764346.553694,1773764346553701733,Sr02_gA+B_eps15_IMG1_LID1_STA1_CFC64_OH1,0317_1718,A,0.4997973144054413,0.0024476144462823868,0.5,0.0,-6.876825348321245,-0.8740696813816131,-2.985009882695712,27.383854565033793
1773764346.6721902,1773764346672199622,Sr02_gA+B_eps15_IMG1_LID1_STA1_CFC64_OH1,0317_1718,A,0.5003930926322937,0.0032461658120155334,0.5,0.0,-6.926212603682435,-0.881873441766025,-2.9847435874160744,27.339117969010235
1773764346.7923582,1773764346792365374,Sr02_gA+B_eps15_IMG1_LID1_STA1_CFC64_OH1,0317_1718,A,0.5002480745315552,0.001878625713288784,0.5,0.0,-7.000291249045751,-0.8935932364371272,-2.984671387330594,27.272053778916014
1773764346.9129052,1773764346912913768,Sr02_gA+B_eps15_IMG1_LID1_STA1_CFC64_OH1,0317_1718,A,0.49965161085128784,0.0016588224098086357,0.5,0.0,-7.049676989997901,-0.9014065758956676,-2.9846941620354928,27.227367387554736
1773764347.0361536,1773764347036160767,Sr02_gA+B_eps15_IMG1_LID1_STA1_CFC64_OH1,0317_1718,A,0.49795639514923096,0.0019527478143572807,0.5,0.0,-7.099063066838096,-0.9092177919637698,-2.984757379053937,27.182698538509605
1773764347.1619911,1773764347161998620,Sr02_gA+B_eps15_IMG1_LID1_STA1_CFC64_OH1,0317_1718,A,0.49799835681915283,0.0018968144431710243,0.5,0.0,-7.17314215788189,-0.9209347688911304,-2.9846494921299382,27.11573023333626
1773764347.2898982,1773764347289904600,Sr02_gA+B_eps15_IMG1_LID1_STA1_CFC64_OH1,0317_1718,A,0.49960342049598694,0.0012406222522258759,0.5,0.0,-7.222526877622612,-0.9287545596844391,-2.984432542122637,27.071111970876466
1773764347.4128711,1773764347412879156,Sr02_gA+B_eps15_IMG1_LID1_STA1_CFC64_OH1,0317_1718,A,0.49966204166412354,-0.0001216614618897438,0.5,0.0,-7.296599868451102,-0.9405100353438258,-2.9839615896595206,27.004231761512465
1773764347.5320325,1773764347532046908,Sr02_gA+B_eps15_IMG1_LID1_STA1_CFC64_OH1,0317_1718,A,0.49995148181915283,0.00048267003148794174,0.5,0.0,-7.345979224140004,-0.9483636273473987,-2.983773726349014,26.95967632975849
1773764347.6500266,1773764347650043342,Sr02_gA+B_eps15_IMG1_LID1_STA1_CFC64_OH1,0317_1718,A,0.500125527381897,0.0011027799919247627,0.5,0.0,-7.420045679036401,-0.9601602165282416,-2.9835190249353176,26.892886546274777
1773764347.7659905,1773764347766001034,Sr02_gA+B_eps15_IMG1_LID1_STA1_CFC64_OH1,0317_1718,A,0.483551561832428,0.011249938048422337,0.5,0.0,-7.469421524981489,-0.9680358442659924,-2.983323750490704,26.848389304071947
1773764347.8874154,1773764347887422723,Sr02_gA+B_eps15_IMG1_LID1_STA1_CFC64_OH1,0317_1718,A,0.4999679923057556,-3.6777928471565247e-05,0.5,0.0,-7.518795846193428,-0.9759210253240015,-2.9831329506482342,26.803915885766827
1773764348.0087664,1773764348008774050,Sr02_gA+B_eps15_IMG1_LID1_STA1_CFC64_OH1,0317_1718,A,0.5000230073928833,3.085099160671234e-05,0.5,0.0,-7.5928547792675305,-0.9877647450734911,-2.982914047556765,26.737249779481107
1773764348.1304164,1773764348130425102,Sr02_gA+B_eps15_IMG1_LID1_STA1_CFC64_OH1,0317_1718,A,0.49998223781585693,0.0001622810959815979,0.5,0.0,-7.642226671366291,-0.9956651218734252,-2.982926212640637,26.692832404593677
1773764348.2526326,1773764348252640187,Sr02_gA+B_eps15_IMG1_LID1_STA1_CFC64_OH1,0317_1718,A,0.49917352199554443,0.0003707669675350189,0.5,0.0,-7.716284336158008,-1.0075167702945036,-2.9828595408907153,26.626243965438675
1773764348.3730974,1773764348373105845,Sr02_gA+B_eps15_IMG1_LID1_STA1_CFC64_OH1,0317_1718,A,0.4986574351787567,-0.002066297922283411,0.5,0.0,-7.765655313608951,-1.0154228607309348,-2.9827492631086727,26.58187889695703
1773764348.4926915,1773764348492698087,Sr02_gA+B_eps15_IMG1_LID1_STA1_CFC64_OH1,0317_1718,A,0.49881353974342346,-0.001201646402478218,0.5,0.0,-7.815022845245473,-1.0233504255023127,-2.981827221737383,26.537543927485025
1773764348.6171553,1773764348617163372,Sr02_gA+B_eps15_IMG1_LID1_STA1_CFC64_OH1,0317_1718,A,0.4993528127670288,0.0011026384308934212,0.5,0.0,-7.889062100244146,-1.0353165384326175,-2.9812683949055003,26.471114488956697
1773764348.737008,1773764348737015654,Sr02_gA+B_eps15_IMG1_LID1_STA1_CFC64_OH1,0317_1718,A,0.49984127283096313,0.0006230724975466728,0.5,0.0,-7.938420863360873,-1.0432985298251158,-2.981265309863111,26.42685583931975
1773764348.8604593,1773764348860466518,Sr02_gA+B_eps15_IMG1_LID1_STA1_CFC64_OH1,0317_1718,A,0.49944669008255005,0.0003476068377494812,0.5,0.0,-8.012458886327044,-1.0552722695051338,-2.9812449107357826,26.360506713856715
1773764348.9827456,1773764348982753308,Sr02_gA+B_eps15_IMG1_LID1_STA1_CFC64_OH1,0317_1718,A,0.499477744102478,0.00013367272913455963,0.5,0.0,-8.061817342104485,-1.0632561611667695,-2.9812099191145056,26.316300440074837
1773764349.1031566,1773764349103164383,Sr02_gA+B_eps15_IMG1_LID1_STA1_CFC64_OH1,0317_1718,A,0.5004855394363403,0.0030132103711366653,0.5,0.0,-8.135856378021147,-1.0752236338949919,-2.981495490822026,26.250026043638904
1773764349.224726,1773764349224734282,Sr02_gA+B_eps15_IMG1_LID1_STA1_CFC64_OH1,0317_1718,A,0.5002759099006653,0.0015153242275118828,0.5,0.0,-8.185217443621431,-1.0831913740268768,-2.981615655927366,26.205864216996478
1773764349.3492827,1773764349349291261,Sr02_gA+B_eps15_IMG1_LID1_STA1_CFC64_OH1,0317_1718,A,0.5001369118690491,0.0009176051244139671,0.5,0.0,-8.234578548682876,-1.0911588697206789,-2.981505394027859,26.161723286821303
1773764349.4713423,1773764349471351604,Sr02_gA+B_eps15_IMG1_LID1_STA1_CFC64_OH1,0317_1718,A,0.5001964569091797,0.0008547408506274223,0.5,0.0,-8.308618833663852,-1.1031186139482823,-2.9813975459846547,26.095555581913313
1773764349.5924454,1773764349592452981,Sr02_gA+B_eps15_IMG1_LID1_STA1_CFC64_OH1,0317_1718,A,0.5006294846534729,0.0023622382432222366,0.5,0.0,-8.357978480051688,-1.1110951414652195,-2.981360030494856,26.05147197727585
1773764349.7133224,1773764349713329352,Sr02_gA+B_eps15_IMG1_LID1_STA1_CFC64_OH1,0317_1718,A,0.5003198981285095,0.0014853393658995628,0.5,0.0,-8.432017595307183,-1.1230621251698825,-2.9813378401169865,25.985387786434735
1773764349.8366632,1773764349836671011,Sr02_gA+B_eps15_IMG1_LID1_STA1_CFC64_OH1,0317_1718,A,0.4999362826347351,0.0008869748562574387,0.5,0.0,-8.481375722151249,-1.131048048946823,-2.981036521776124,25.941362410716053
1773764349.9581842,1773764349958192058,Sr02_gA+B_eps15_IMG1_LID1_STA1_CFC64_OH1,0317_1718,A,0.4994039237499237,0.0009805010631680489,0.5,0.0,-8.555409268032133,-1.1430494381208296,-2.9807762397973585,25.87537590036668
1773764350.078448,1773764350078456567,Sr02_gA+B_eps15_IMG1_LID1_STA1_CFC64_OH1,0317_1718,A,0.5010332465171814,0.0033171111717820168,0.5,0.0,-8.604763741747297,-1.151057908982655,-2.9806844793995446,25.831415868263708
1773764350.2010899,1773764350201098576,Sr02_gA+B_eps15_IMG1_LID1_STA1_CFC64_OH1,0317_1718,A,0.5008963346481323,0.0030612414702773094,0.5,0.0,-8.678794117274126,-1.1630788398120577,-2.980540565674942,25.765521103036214
1773764350.3240297,1773764350324044519,Sr02_gA+B_eps15_IMG1_LID1_STA1_CFC64_OH1,0317_1718,A,0.5006914734840393,0.0022766124457120895,0.5,0.0,-8.72814612622163,-1.1711024851472094,-2.98031311104839,25.72162367209844
1773764350.4418306,1773764350441838181,Sr02_gA+B_eps15_IMG1_LID1_STA1_CFC64_OH1,0317_1718,A,0.5008783936500549,0.0011414885520935059,0.5,0.0,-8.77749665765929,-1.1791352135275097,-2.980164577167923,25.677752974488193
1773764350.5588353,1773764350558842936,Sr02_gA+B_eps15_IMG1_LID1_STA1_CFC64_OH1,0317_1718,A,0.5009934306144714,0.0006016967818140984,0.5,0.0,-8.851520562851734,-1.191195924004852,-2.9800135797932894,25.61199471618664
1773764350.68071,1773764350680718742,Sr02_gA+B_eps15_IMG1_LID1_STA1_CFC64_OH1,0317_1718,A,0.501109778881073,-0.00025112926959991455,0.5,0.0,-8.90086889631772,-1.1992421445566392,-2.9799164651794467,25.5681869515407
1773764350.8049674,1773764350804974343,Sr02_gA+B_eps15_IMG1_LID1_STA1_CFC64_OH1,0317_1718,A,0.5010238885879517,0.0007534520700573921,0.5,0.0,-8.974888072879727,-1.2113318374437934,-2.9794448257198853,25.502527994379257
1773764350.9269612,1773764350926967770,Sr02_gA+B_eps15_IMG1_LID1_STA1_CFC64_OH1,0317_1718,A,0.5007901191711426,0.00018180999904870987,0.5,0.0,-9.024230974400616,-1.219411301100907,-2.979138702019041,25.458793692139384
1773764351.0478613,1773764351047869701,Sr02_gA+B_eps15_IMG1_LID1_STA1_CFC64_OH1,0317_1718,A,0.5009320378303528,0.0006348118185997009,0.5,0.0,-9.073571555956443,-1.227504920946573,-2.9788875017142677,25.41508947121559
1773764351.174111,1773764351174119410,Sr02_gA+B_eps15_IMG1_LID1_STA1_CFC64_OH1,0317_1718,A,0.5009688138961792,0.000508221797645092,0.5,0.0,-9.147579590073608,-1.239662640958851,-2.978682224181717,25.349585317880944
1773764351.2983823,1773764351298391482,Sr02_gA+B_eps15_IMG1_LID1_STA1_CFC64_OH1,0317_1718,A,0.5013775825500488,0.001355290412902832,0.5,0.0,-9.196917272265965,-1.2477739169387927,-2.9786166562800305,25.305948207453874
1773764351.4134924,1773764351413500645,Sr02_gA+B_eps15_IMG1_LID1_STA1_CFC64_OH1,0317_1718,A,0.5006875395774841,0.001911998726427555,0.5,0.0,-9.270923551000488,-1.25994231840053,-2.978635751467427,25.24053753964472
1773764351.534278,1773764351534286526,Sr02_gA+B_eps15_IMG1_LID1_STA1_CFC64_OH1,0317_1718,A,0.5003622770309448,0.0008543096482753754,0.5,0.0,-9.320260836230638,-1.2680560085579566,-2.9785604065976754,25.1969608223541
1773764351.655482,1773764351655489364,Sr02_gA+B_eps15_IMG1_LID1_STA1_CFC64_OH1,0317_1718,A,0.5004757046699524,0.00024336203932762146,0.5,0.0,-9.394265944272439,-1.280231527835124,-2.9785069257691252,25.131643075937635
1773764351.7822464,1773764351782254735,Sr02_gA+B_eps15_IMG1_LID1_STA1_CFC64_OH1,0317_1718,A,0.5010045766830444,0.0017205113545060158,0.5,0.0,-9.44360223201007,-1.2883512811814788,-2.978443444717962,25.08812936569809
1773764351.9041927,1773764351904200272,Sr02_gA+B_eps15_IMG1_LID1_STA1_CFC64_OH1,0317_1718,A,0.5028901696205139,0.0034707440063357353,0.5,0.0,-9.51760579424493,-1.300536192364627,-2.9783574753734174,25.022906896167182
1773764352.0304909,1773764352030500456,Sr02_gA+B_eps15_IMG1_LID1_STA1_CFC64_OH1,0317_1718,A,0.49995675683021545,0.0020098192617297173,0.5,0.0,-9.566940572837229,-1.3086651099029172,-2.9782163799676127,24.97945857478903
1773764352.1542146,1773764352154221059,Sr02_gA+B_eps15_IMG1_LID1_STA1_CFC64_OH1,0317_1718,A,0.4999522864818573,0.0013412469998002052,0.5,0.0,-9.616273979729232,-1.31680234775295,-2.978025180526297,24.93603899057687
1773764352.2796297,1773764352279637007,Sr02_gA+B_eps15_IMG1_LID1_STA1_CFC64_OH1,0317_1718,A,0.500002920627594,-0.0003463616594672203,0.5,0.0,-9.690271898992473,-1.3290214812212582,-2.977875879732347,24.870962655942115
1773764352.3962793,1773764352396286603,Sr02_gA+B_eps15_IMG1_LID1_STA1_CFC64_OH1,0317_1718,A,0.4996426999568939,-0.0010185493156313896,0.5,0.0,-9.739603165192673,-1.3371716872234674,-2.9778454336346254,24.827611618622306
1773764352.522166,1773764352522173629,Sr02_gA+B_eps15_IMG1_LID1_STA1_CFC64_OH1,0317_1718,A,0.5004271268844604,-0.0023246766068041325,0.5,0.0,-9.813598501106249,-1.3494064540136377,-2.9775846286213707,24.762636854384432
1773764352.6417208,1773764352641728180,Sr02_gA+B_eps15_IMG1_LID1_STA1_CFC64_OH1,0317_1718,A,0.5001364946365356,-0.00015520025044679642,0.5,0.0,-9.862926120500637,-1.3575787011222602,-2.977237555161278,24.719359876228005
1773764352.7643924,1773764352764401749,Sr02_gA+B_eps15_IMG1_LID1_STA1_CFC64_OH1,0317_1718,A,0.5015942454338074,0.0015481747686862946,0.5,0.0,-9.93691323572662,-1.3698630823212592,-2.976906863200094,24.65450535622783
1773764352.8877785,1773764352887785597,Sr02_gA+B_eps15_IMG1_LID1_STA1_CFC64_OH1,0317_1718,A,0.5005829334259033,-0.0009018098935484886,0.5,0.0,-9.986236126460051,-1.3780638218500472,-2.9767660524962154,24.61130673467739
1773764353.0074148,1773764353007422704,Sr02_gA+B_eps15_IMG1_LID1_STA1_CFC64_OH1,0317_1718,A,0.49974513053894043,0.0003909049555659294,0.5,0.0,-10.060219755048752,-1.3903691859809133,-2.976807850804218,24.546559401117715
1773764353.1307423,1773764353130750827,Sr02_gA+B_eps15_IMG1_LID1_STA1_CFC64_OH1,0317_1718,A,0.49914804100990295,0.0011092908680438995,0.5,0.0,-10.109542853499677,-1.398568676213526,-2.9769097054259865,24.50342490024546
1773764353.2536666,1773764353253673706,Sr02_gA+B_eps15_IMG1_LID1_STA1_CFC64_OH1,0317_1718,A,0.4995323121547699,-0.0006428556516766548,0.5,0.0,-10.15886712922081,-1.406761081083235,-2.977116049203934,24.460312898763082
1773764353.3739576,1773764353373965747,Sr02_gA+B_eps15_IMG1_LID1_STA1_CFC64_OH1,0317_1718,A,0.5002478361129761,-0.0006912052631378174,0.5,0.0,-10.232855578878647,-1.419037424308631,-2.977182720319641,24.395687871489123
1773764353.4925423,1773764353492549709,Sr02_gA+B_eps15_IMG1_LID1_STA1_CFC64_OH1,0317_1718,A,0.5011411309242249,-0.000542893074452877,0.5,0.0,-10.280949403616182,-1.427019474761756,-2.9770500284019286,24.35371313539648
1773764353.6179302,1773764353617938797,Sr02_gA+B_eps15_IMG1_LID1_STA1_CFC64_OH1,0317_1718,A,0.5003585815429688,-0.0012052403762936592,0.5,0.0,-10.323176753809157,-1.4340336381934966,-2.97693662585818,24.31688140173108
1773764353.7373629,1773764353737371238,Sr02_gA+B_eps15_IMG1_LID1_STA1_CFC64_OH1,0317_1718,A,0.49982383847236633,-0.0010882574133574963,0.5,0.0,-10.327751437963354,-1.4347937918377636,-2.9769318992734837,24.31289252476855
1773764353.865597,1773764353865605217,Sr02_gA+B_eps15_IMG1_LID1_STA1_CFC64_OH1,0317_1718,A,0.49897342920303345,-0.0016907406970858574,0.5,0.0,-10.332188966615034,-1.4355311385012732,-2.976930155866234,24.309023453894543
1773764353.9882488,1773764353988255943,Sr02_gA+B_eps15_IMG1_LID1_STA1_CFC64_OH1,0317_1718,A,0.49960824847221375,-0.0015464513562619686,0.5,0.0,-10.327488623163664,-1.434750148106013,-2.976947470730389,24.3131216885833
1773764354.1089556,1773764354108963217,Sr02_gA+B_eps15_IMG1_LID1_STA1_CFC64_OH1,0317_1718,A,0.5049623847007751,-0.03115135058760643,0.5,0.0,-10.28840872564428,-1.428258890926071,-2.9770350639882888,24.347205650155594
1773764354.2323203,1773764354232328169,Sr02_gA+B_eps15_IMG1_LID1_STA1_CFC64_OH1,0317_1718,A,0.4953971803188324,0.007410078309476376,0.5,0.0,-10.254465061273178,-1.422623322127651,-2.9770928394303713,24.376824479804828
1773764354.362085,1773764354362092433,Sr02_gA+B_eps15_IMG1_LID1_STA1_CFC64_OH1,0317_1718,A,0.47486984729766846,-0.01919572427868843,0.5,0.0,-10.239240681017604,-1.420096159581816,-2.9770959484897914,24.39011335284538
1773764354.4862297,1773764354486236524,Sr02_gA+B_eps15_IMG1_LID1_STA1_CFC64_OH1,0317_1718,A,0.33106866478919983,-0.09241537004709244,0.5,0.0,-10.250176899636731,-1.421912045875537,-2.977046940151474,24.38056741587667
1773764354.6075678,1773764354607575247,Sr02_gA+B_eps15_IMG1_LID1_STA1_CFC64_OH1,0317_1718,A,0.48080307245254517,-0.012284256517887115,0.5,0.0,-10.267440606494636,-1.4247781080081536,-2.9771061157460292,24.365500868655197
1773764354.7245233,1773764354724530780,Sr02_gA+B_eps15_IMG1_LID1_STA1_CFC64_OH1,0317_1718,A,0.5078774690628052,-0.014376450330018997,0.5,0.0,-10.293336490938179,-1.4290752490390275,-2.977292935638954,24.342906143981157
1773764354.8451633,1773764354845170817,Sr02_gA+B_eps15_IMG1_LID1_STA1_CFC64_OH1,0317_1718,A,0.4980992376804352,0.008172941394150257,0.5,0.0,-10.310602374693458,-1.4319281629815892,-2.978383228760949,24.327840956720387
1773764354.9677434,1773764354967752314,Sr02_gA+B_eps15_IMG1_LID1_STA1_CFC64_OH1,0317_1718,A,0.4964040517807007,0.0024337414652109146,0.5,0.0,-10.319093756868638,-1.433324792885699,-2.979763821163833,24.32043074551074
1773764355.0907888,1773764355090798195,Sr02_gA+B_eps15_IMG1_LID1_STA1_CFC64_OH1,0317_1718,A,0.46714547276496887,-0.0419476144015789,0.5,0.0,-10.302881143800102,-1.4306844854526197,-2.9804131385312918,24.334589265280897
1773764355.2130125,1773764355213021305,Sr02_gA+B_eps15_IMG1_LID1_STA1_CFC64_OH1,0317_1718,A,0.4793461561203003,-0.03270331397652626,0.5,0.0,-10.259986987813468,-1.423727258980627,-2.9811598763611413,24.372072789503875
1773764355.334284,1773764355334292592,Sr02_gA+B_eps15_IMG1_LID1_STA1_CFC64_OH1,0317_1718,A,0.5049154162406921,0.0018972018733620644,0.5,0.0,-10.250333798050821,-1.4221663154387292,-2.981478176416204,24.38051278269304
1773764355.461864,1773764355461872098,Sr02_gA+B_eps15_IMG1_LID1_STA1_CFC64_OH1,0317_1718,A,0.4984179139137268,0.0001771962270140648,0.5,0.0,-10.258584644316949,-1.4234975470043467,-2.9816878108270393,24.3732977623728
1773764355.581841,1773764355581849727,Sr02_gA+B_eps15_IMG1_LID1_STA1_CFC64_OH1,0317_1718,A,0.5006187558174133,0.003135504201054573,0.5,0.0,-10.302994838718629,-1.430655182612947,-2.9818547134587607,24.33447266927371
1773764355.7043583,1773764355704366210,Sr02_gA+B_eps15_IMG1_LID1_STA1_CFC64_OH1,0317_1718,A,0.49920642375946045,0.0015443013980984688,0.5,0.0,-10.350945807689525,-1.4383819585296154,-2.9817296533285607,24.292575394535483
1773764355.8346038,1773764355834611450,Sr02_gA+B_eps15_IMG1_LID1_STA1_CFC64_OH1,0317_1718,A,0.4984264671802521,0.0003573959693312645,0.5,0.0,-10.42500052184117,-1.4501793372666736,-2.9864383302417923,24.227869440078724
1773764355.956899,1773764355956906186,Sr02_gA+B_eps15_IMG1_LID1_STA1_CFC64_OH1,0317_1718,A,0.5001897215843201,0.0016250191256403923,0.5,0.0,-10.474412449667517,-1.4578251755435083,-2.9897086568388818,24.184645942922607
1773764356.074277,1773764356074284947,Sr02_gA+B_eps15_IMG1_LID1_STA1_CFC64_OH1,0317_1718,A,0.45318150520324707,0.013751926831901073,0.5,0.0,-10.548554733433047,-1.4691353907038764,-2.990116112684839,24.11977900264263
1773764356.197678,1773764356197686679,Sr02_gA+B_eps15_IMG1_LID1_STA1_CFC64_OH1,0317_1718,A,0.5018213987350464,-0.0007783323526382446,0.5,0.0,-10.597982130873522,-1.476680724700983,-2.990098391774973,24.076569722659745
1773764356.312313,1773764356312321137,Sr02_gA+B_eps15_IMG1_LID1_STA1_CFC64_OH1,0317_1718,A,0.5012074708938599,0.0022620437666773796,0.5,0.0,-10.672120486406477,-1.4880166599014208,-2.9896598920585697,24.011814392317746
1773764356.438456,1773764356438464366,Sr02_gA+B_eps15_IMG1_LID1_STA1_CFC64_OH1,0317_1718,A,0.4998762905597687,-0.00225809495896101,0.5,0.0,-10.721543918907864,-1.4955879212119494,-2.989505462076957,23.968684512223007
1773764356.5608492,1773764356560857257,Sr02_gA+B_eps15_IMG1_LID1_STA1_CFC64_OH1,0317_1718,A,0.5004571676254272,0.001660146750509739,0.5,0.0,-10.770966469446977,-1.5031649378183436,-2.989445983560545,23.92558432769669
1773764356.6835942,1773764356683601971,Sr02_gA+B_eps15_IMG1_LID1_STA1_CFC64_OH1,0317_1718,A,0.4999992847442627,0.0026939399540424347,0.5,0.0,-10.845099279883545,-1.5145370829593308,-2.9892656131144792,23.860987936456702
1773764356.8067963,1773764356806804117,Sr02_gA+B_eps15_IMG1_LID1_STA1_CFC64_OH1,0317_1718,A,0.5009148120880127,0.002291284501552582,0.5,0.0,-10.894515077127659,-1.5221579931325795,-2.9878904319600257,23.817977928915607
1773764356.9279044,1773764356927914771,Sr02_gA+B_eps15_IMG1_LID1_STA1_CFC64_OH1,0317_1718,A,0.49988389015197754,0.0007327664643526077,0.5,0.0,-10.968627015584822,-1.5336653743293551,-2.987510458164072,23.7535536336353
1773764357.0487046,1773764357048712596,Sr02_gA+B_eps15_IMG1_LID1_STA1_CFC64_OH1,0317_1718,A,0.5010223984718323,0.0017702803015708923,0.5,0.0,-11.018033784394941,-1.5413446235167017,-2.9872842543377174,23.710642634979312
1773764357.1721368,1773764357172145116,Sr02_gA+B_eps15_IMG1_LID1_STA1_CFC64_OH1,0317_1718,A,0.5009192228317261,0.0014564432203769684,0.5,0.0,-11.09214361348704,-1.5528655815245933,-2.9875325619420945,23.64632945011349
1773764357.2927017,1773764357292709210,Sr02_gA+B_eps15_IMG1_LID1_STA1_CFC64_OH1,0317_1718,A,0.4997265934944153,0.0007599974051117897,0.5,0.0,-11.14155078314455,-1.5605422516190481,-2.987366550536812,23.603486963001348
1773764357.4188254,1773764357418833554,Sr02_gA+B_eps15_IMG1_LID1_STA1_CFC64_OH1,0317_1718,A,0.5002397298812866,0.0003134384751319885,0.5,0.0,-11.21565825803286,-1.5720783418151367,-2.986970513807341,23.53928720864622
1773764357.5449607,1773764357544968838,Sr02_gA+B_eps15_IMG1_LID1_STA1_CFC64_OH1,0317_1718,A,0.49927064776420593,0.0004089558497071266,0.5,0.0,-11.265060862003379,-1.5797843390248423,-2.9867413857080627,23.49653093591541
1773764357.6603,1773764357660307584,Sr02_gA+B_eps15_IMG1_LID1_STA1_CFC64_OH1,0317_1718,A,0.4993279278278351,-0.0003351401537656784,0.5,0.0,-11.339162569107236,-1.5913574233813477,-2.9865743848742445,23.43245771077768
1773764357.778434,1773764357778442991,Sr02_gA+B_eps15_IMG1_LID1_STA1_CFC64_OH1,0317_1718,A,0.5000782012939453,-0.00033162254840135574,0.5,0.0,-11.388562317912392,-1.5990817029231437,-2.9863973571384093,23.389783013936558
1773764357.8950474,1773764357895055557,Sr02_gA+B_eps15_IMG1_LID1_STA1_CFC64_OH1,0317_1718,A,0.49923384189605713,-0.0002022217959165573,0.5,0.0,-11.437960819890357,-1.6068139523319833,-2.986251712814434,23.34714161002632
1773764358.0200818,1773764358020088384,Sr02_gA+B_eps15_IMG1_LID1_STA1_CFC64_OH1,0317_1718,A,0.5003637075424194,0.0005531460046768188,0.5,0.0,-11.512056848233135,-1.618423339185444,-2.986116819516913,23.283240245242038
1773764358.1424208,1773764358142428856,Sr02_gA+B_eps15_IMG1_LID1_STA1_CFC64_OH1,0317_1718,A,0.5005728006362915,0.0006307857111096382,0.5,0.0,-11.561453588881687,-1.6261668329732757,-2.9860810097969654,23.240678261571674
1773764358.2601075,1773764358260116088,Sr02_gA+B_eps15_IMG1_LID1_STA1_CFC64_OH1,0317_1718,A,0.49902185797691345,-0.0016376092098653316,0.5,0.0,-11.610850055103223,-1.633912077155752,-2.9860410695241573,23.1981468884071
1773764358.3823593,1773764358382368725,Sr02_gA+B_eps15_IMG1_LID1_STA1_CFC64_OH1,0317_1718,A,0.5002737045288086,0.0006553055718541145,0.5,0.0,-11.684944449225398,-1.6455318898058031,-2.9860541351563015,23.134406879294406
1773764358.5059752,1773764358505983619,Sr02_gA+B_eps15_IMG1_LID1_STA1_CFC64_OH1,0317_1718,A,0.5007139444351196,0.00031279120594263077,0.5,0.0,-11.734340987066924,-1.6532766772317435,-2.9860872973595947,23.091950185396744
1773764358.6288867,1773764358628893745,Sr02_gA+B_eps15_IMG1_LID1_STA1_CFC64_OH1,0317_1718,A,0.5018924474716187,-0.0007422761991620064,0.5,0.0,-11.808436203189537,-1.6648912471439854,-2.986121512694616,23.028320529167015
1773764358.7488298,1773764358748839123,Sr02_gA+B_eps15_IMG1_LID1_STA1_CFC64_OH1,0317_1718,A,0.5007426738739014,0.0019200760871171951,0.5,0.0,-11.857832975790759,-1.6726345370782045,-2.9860737524282754,22.985938986537242
1773764358.8658843,1773764358865894194,Sr02_gA+B_eps15_IMG1_LID1_STA1_CFC64_OH1,0317_1718,A,0.4977729022502899,0.0032177185639739037,0.5,0.0,-11.931927285638576,-1.6842548869429579,-2.9860025938411665,22.922427161347287
1773764358.9854004,1773764358985408049,Sr02_gA+B_eps15_IMG1_LID1_STA1_CFC64_OH1,0317_1718,A,0.4979477524757385,0.0038748392835259438,0.5,0.0,-11.98132392109506,-1.6919990514168397,-2.9861434261667807,22.880123104540534
1773764359.1093786,1773764359109386408,Sr02_gA+B_eps15_IMG1_LID1_STA1_CFC64_OH1,0317_1718,A,0.49794599413871765,-0.0016666585579514503,0.5,0.0,-12.030720768255163,-1.6997418656843177,-2.9860778962052628,22.83784942197175
1773764359.23114,1773764359231148119,Sr02_gA+B_eps15_IMG1_LID1_STA1_CFC64_OH1,0317_1718,A,0.49741172790527344,-0.0028944285586476326,0.5,0.0,-12.104815278427305,-1.7113609382677033,-2.9860207019248444,22.774500225524772
1773764359.3485372,1773764359348547048,Sr02_gA+B_eps15_IMG1_LID1_STA1_CFC64_OH1,0317_1718,A,0.4648023247718811,-0.39186620712280273,0.5,-0.5,-12.154211638700863,-1.719106858074168,-2.9860843779592328,22.732306750784332
1773764359.471664,1773764359471670947,Sr02_gA+B_eps15_IMG1_LID1_STA1_CFC64_OH1,0317_1718,A,0.4361709654331207,-0.4153796136379242,0.5,-0.5,-12.22830522455141,-1.7307318219156655,-2.9858100168467274,22.669079384359012
1773764359.5905905,1773764359590599188,Sr02_gA+B_eps15_IMG1_LID1_STA1_CFC64_OH1,0317_1718,A,0.5022053718566895,-0.00224929116666317,0.5,0.0,-12.277698492705438,-1.7384974334501142,-2.985488245793068,22.626976304365016
1773764359.7140236,1773764359714032019,Sr02_gA+B_eps15_IMG1_LID1_STA1_CFC64_OH1,0317_1718,A,0.4975520074367523,0.012286138720810413,0.5,0.0,-12.32708913419575,-1.7462797330540651,-2.9851204765905828,22.584914568638577
1773764359.8374033,1773764359837411460,Sr02_gA+B_eps15_IMG1_LID1_STA1_CFC64_OH1,0317_1718,A,0.49419569969177246,0.02682444453239441,0.5,0.0,-12.40117258046336,-1.7579691409890572,-2.9852042260617546,22.521891575463606
1773764359.9601002,1773764359960107151,Sr02_gA+B_eps15_IMG1_LID1_STA1_CFC64_OH1,0317_1718,A,0.4548327922821045,0.002939191646873951,0.5,0.0,-12.450563424563928,-1.765750155381034,-2.9854813898248103,22.479910536319586
1773764360.079181,1773764360079189183,Sr02_gA+B_eps15_IMG1_LID1_STA1_CFC64_OH1,0317_1718,A,0.3740848898887634,-0.04130112752318382,0.5,0.0,-12.523684068617513,-1.7765555670065603,-3.013594615471721,22.41752878714691
1773764360.2020192,1773764360202027012,Sr02_gA+B_eps15_IMG1_LID1_STA1_CFC64_OH1,0317_1718,A,0.0991356372833252,-0.05165426433086395,0.0,0.0,-12.573165655854295,-1.7819140274018963,-3.0543273986723123,22.3745549020586
1773764360.3257785,1773764360325786810,Sr02_gA+B_eps15_IMG1_LID1_STA1_CFC64_OH1,0317_1718,A,0.08770875632762909,-0.054469842463731766,0.0,0.0,-12.647088669975997,-1.78682462842929,-3.085134184181252,22.30913616232024
1773764360.4447303,1773764360444739467,Sr02_gA+B_eps15_IMG1_LID1_STA1_CFC64_OH1,0317_1718,A,0.49905043840408325,0.0017169471830129623,0.5,0.0,-12.69699481393158,-1.7896738778849621,-3.083950480378683,22.264810327790848
1773764360.560184,1773764360560192128,Sr02_gA+B_eps15_IMG1_LID1_STA1_CFC64_OH1,0317_1718,A,0.4964171051979065,2.1657906472682953e-05,0.5,0.0,-12.746908252072032,-1.7926144426018307,-3.081413434257838,22.220539536479063
1773764360.680596,1773764360680603324,Sr02_gA+B_eps15_IMG1_LID1_STA1_CFC64_OH1,0317_1718,A,0.4868623614311218,-0.08212610334157944,0.5,0.0,-12.821756392220362,-1.7972020112057332,-3.0803939659987707,22.154272237035947
1773764360.8060875,1773764360806094685,Sr02_gA+B_eps15_IMG1_LID1_STA1_CFC64_OH1,0317_1718,A,0.4876523017883301,-0.07682403177022934,0.5,0.0,-12.871668959018619,-1.8001569683748433,-3.084524058950033,22.110069529476174
1773764360.93227,1773764360932277980,Sr02_gA+B_eps15_IMG1_LID1_STA1_CFC64_OH1,0317_1718,A,0.3196272552013397,-0.09560476243495941,0.5,0.0,-12.928677197223335,-1.803269030628233,-3.0899926820996595,22.059503789813512
1773764361.057685,1773764361057694279,Sr02_gA+B_eps15_IMG1_LID1_STA1_CFC64_OH1,0317_1718,A,0.31501004099845886,-0.12533707916736603,0.5,0.0,-12.942779329064413,-1.8039812366811505,-3.092804220826116,22.046976275551966
1773764361.1798472,1773764361179854973,Sr02_gA+B_eps15_IMG1_LID1_STA1_CFC64_OH1,0317_1718,A,0.37018224596977234,-0.1978244185447693,0.5,-0.5,-12.967089871713926,-1.8051172389996928,-3.095951017513753,22.025346495588
1773764361.298225,1773764361298233639,Sr02_gA+B_eps15_IMG1_LID1_STA1_CFC64_OH1,0317_1718,A,0.4814324975013733,-0.16740235686302185,0.5,-0.5,-13.004945129899069,-1.8068139416848454,-3.0974750756864498,21.991646720537865
1773764361.416862,1773764361416869589,Sr02_gA+B_eps15_IMG1_LID1_STA1_CFC64_OH1,0317_1718,A,0.4564167857170105,-0.12122669816017151,0.5,0.0,-13.054316628964314,-1.8088662438840557,-3.103833853703695,21.947648269971094
1773764361.5393775,1773764361539386644,Sr02_gA+B_eps15_IMG1_LID1_STA1_CFC64_OH1,0317_1718,A,0.5151934623718262,-0.2273319959640503,0.5,-0.5,-13.129278054180745,-1.8112581771131084,-3.115463484924727,21.880585133116377
1773764361.6548312,1773764361654839185,Sr02_gA+B_eps15_IMG1_LID1_STA1_CFC64_OH1,0317_1718,A,0.5221815705299377,-0.2740691900253296,0.5,-0.5,-13.179266277425846,-1.812334458191542,-3.1248361241609404,21.835674409962518
1773764361.776236,1773764361776244886,Sr02_gA+B_eps15_IMG1_LID1_STA1_CFC64_OH1,0317_1718,A,0.42861708998680115,-0.40159642696380615,0.5,-0.5,-13.254251023823805,-1.812962622032785,3.1403980307317587,21.767931614102984
1773764361.891355,1773764361891361634,Sr02_gA+B_eps15_IMG1_LID1_STA1_CFC64_OH1,0317_1718,A,0.5244506597518921,-0.3677840530872345,0.5,-0.5,-13.304225562922472,-1.8124153647197432,3.1207623294128024,21.722401628195975
1773764362.0122323,1773764362012239861,Sr02_gA+B_eps15_IMG1_LID1_STA1_CFC64_OH1,0317_1718,A,0.5197176933288574,-0.11695031076669693,0.5,0.0,-13.354202831470532,-1.8109282001190707,3.1034136575900773,21.67649060992065
1773764362.1341064,1773764362134113864,Sr02_gA+B_eps15_IMG1_LID1_STA1_CFC64_OH1,0317_1718,A,0.5183136463165283,-0.12435965240001678,0.5,0.0,-13.429104097975799,-1.807317744136119,3.08426800697061,21.607130503760086
1773764362.2544558,1773764362254464857,Sr02_gA+B_eps15_IMG1_LID1_STA1_CFC64_OH1,0317_1718,A,0.5294555425643921,-0.4586915373802185,0.5,-0.5,-13.478907666767398,-1.803956697798739,3.063043783233058,21.56062353540089
1773764362.370232,1773764362370239215,Sr02_gA+B_eps15_IMG1_LID1_STA1_CFC64_OH1,0317_1718,A,0.5210617184638977,-0.20635367929935455,0.5,-0.5,-13.55351922840596,-1.796667219242848,3.0235893604810133,21.490017526391508
1773764362.4872231,1773764362487230005,Sr02_gA+B_eps15_IMG1_LID1_STA1_CFC64_OH1,0317_1718,A,0.4923311769962311,-0.32396191358566284,0.5,-0.5,-13.602932309774456,-1.7898558865119092,2.9847085167725416,21.442425911646897
1773764362.603122,1773764362603129388,Sr02_gA+B_eps15_IMG1_LID1_STA1_CFC64_OH1,0317_1718,A,0.49144214391708374,-0.29043465852737427,0.5,-0.5,-13.652158107948647,-1.7811075620510444,2.9472538923381575,21.394185302143715
1773764362.723576,1773764362723583896,Sr02_gA+B_eps15_IMG1_LID1_STA1_CFC64_OH1,0317_1718,A,0.5042182207107544,-0.19236871600151062,0.5,-0.5,-13.70078624808771,-1.770806146608877,2.9232871914354845,21.34582763276273
1773764362.8419855,1773764362841994602,Sr02_gA+B_eps15_IMG1_LID1_STA1_CFC64_OH1,0317_1718,A,0.49484580755233765,-0.41957101225852966,0.5,-0.5,-13.773855694278797,-1.7539035687721158,2.9050037395299597,21.27256563956365
1773764362.9575458,1773764362957553323,Sr02_gA+B_eps15_IMG1_LID1_STA1_CFC64_OH1,0317_1718,A,0.4952126741409302,-0.4210759997367859,0.5,-0.5,-13.822155054174884,-1.7418768104728588,2.8870166326887285,21.22377894382667
1773764363.0721128,1773764363072119945,Sr02_gA+B_eps15_IMG1_LID1_STA1_CFC64_OH1,0317_1718,A,0.5105812549591064,-0.18136578798294067,0.5,-0.5,-13.893548804340732,-1.72165597407859,2.848613375877408,21.150622690410298
1773764363.1925435,1773764363192551479,Sr02_gA+B_eps15_IMG1_LID1_STA1_CFC64_OH1,0317_1718,A,0.5057621002197266,-0.07351531088352203,0.5,0.0,-13.94112047258501,-1.7066407587708674,2.8205863862950866,21.10121747121512
1773764363.430843,1773764363430851629,Sr02_gA+B_eps15_IMG1_LID1_STA1_CFC64_OH1,0317_1718,A,0.5068824887275696,-0.07388177514076233,0.5,0.0,-13.98832065520141,-1.6901494763137297,2.790872397846734,21.051514426963973
1773764363.55347,1773764363553478451,Sr02_gA+B_eps15_IMG1_LID1_STA1_CFC64_OH1,0317_1718,A,0.5016858577728271,-0.05865756422281265,0.5,0.0,-14.103878246785348,-1.6437759088218062,2.7235117886373335,20.927250304671006
1773764363.6780722,1773764363678079815,Sr02_gA+B_eps15_IMG1_LID1_STA1_CFC64_OH1,0317_1718,A,0.5056262612342834,-0.25344133377075195,0.5,-0.5,-14.149131927654198,-1.6225218383032038,2.681464446830585,20.877254975842234
1773764363.8029335,1773764363802940858,Sr02_gA+B_eps15_IMG1_LID1_STA1_CFC64_OH1,0317_1718,A,0.5034666657447815,-0.11859196424484253,0.5,0.0,-14.215269638641693,-1.5877446872013454,2.6411042625356966,20.80258741923785
1773764363.9242234,1773764363924230881,Sr02_gA+B_eps15_IMG1_LID1_STA1_CFC64_OH1,0317_1718,A,0.50160813331604,-0.48029083013534546,0.5,-0.5,-14.258936537322121,-1.563498926725177,2.6305247660311983,20.75273596954417
1773764364.0496883,1773764364049696704,Sr02_gA+B_eps15_IMG1_LID1_STA1_CFC64_OH1,0317_1718,A,0.4850321412086487,-0.46074965596199036,0.5,-0.5,-14.324149653527684,-1.5264558199894578,2.6194974874111208,20.6779287059091
1773764364.17549,1773764364175496867,Sr02_gA+B_eps15_IMG1_LID1_STA1_CFC64_OH1,0317_1718,A,0.5452198386192322,-0.46637943387031555,0.5,-0.5,-14.36739595693272,-1.5013610884540227,2.612109322261431,20.628093043230823
1773764364.2964256,1773764364296432863,Sr02_gA+B_eps15_IMG1_LID1_STA1_CFC64_OH1,0317_1718,A,0.5449647307395935,-0.4743098020553589,0.5,-0.5,-14.43191255386836,-1.4631819272456157,2.601884023572684,20.553428794749504
1773764364.4202323,1773764364420239499,Sr02_gA+B_eps15_IMG1_LID1_STA1_CFC64_OH1,0317_1718,A,0.4574066996574402,-0.5011876821517944,0.5,-0.5,-14.474327582723673,-1.4371878837535819,2.579711866157457,20.503959553766293
1773764364.5416963,1773764364541703680,Sr02_gA+B_eps15_IMG1_LID1_STA1_CFC64_OH1,0317_1718,A,0.507606565952301,-0.4815784692764282,0.5,-0.5,-14.537214042446536,-1.3964614653091725,2.5574439425244457,20.429678242597582
1773764364.6669555,1773764364666965278,Sr02_gA+B_eps15_IMG1_LID1_STA1_CFC64_OH1,0317_1718,A,0.48278698325157166,-0.4799468517303467,0.5,-0.5,-14.578128352632728,-1.3687637048321117,2.531496696760523,20.380837882036133
1773764364.7896748,1773764364789682661,Sr02_gA+B_eps15_IMG1_LID1_STA1_CFC64_OH1,0317_1718,A,0.49240821599960327,-0.5155582427978516,0.5,-0.5,-14.63782831398692,-1.323999330803924,2.4638245654148347,20.3077149758684
1773764364.9097226,1773764364909730853,Sr02_gA+B_eps15_IMG1_LID1_STA1_CFC64_OH1,0317_1718,A,0.5028830766677856,-0.25088292360305786,0.5,-0.5,-14.676031920828382,-1.2917498204877593,2.417186673079374,20.259386245235216
1773764365.0294564,1773764365029464102,Sr02_gA+B_eps15_IMG1_LID1_STA1_CFC64_OH1,0317_1718,A,0.5033357739448547,-0.09900129586458206,0.5,0.0,-14.73039189344335,-1.2401007739807453,2.3461988908013502,20.188175129595407
1773764365.1466744,1773764365146683133,Sr02_gA+B_eps15_IMG1_LID1_STA1_CFC64_OH1,0317_1718,A,0.5033180117607117,-0.0737341046333313,0.5,0.0,-14.764485003319374,-1.2035338673155123,2.2961989572727353,20.141750116604694
1773764365.271083,1773764365271090351,Sr02_gA+B_eps15_IMG1_LID1_STA1_CFC64_OH1,0317_1718,A,0.5117155313491821,-0.3517814874649048,0.5,-0.5,-14.796743361634876,-1.1653381239772544,2.2480411500567015,20.096311211577643
1773764365.3948712,1773764365394879063,Sr02_gA+B_eps15_IMG1_LID1_STA1_CFC64_OH1,0317_1718,A,0.5202298164367676,-0.24600456655025482,0.5,-0.5,-14.84159576596781,-1.1052479406162823,2.1760002464086,20.030212704346916
1773764365.5205731,1773764365520581432,Sr02_gA+B_eps15_IMG1_LID1_STA1_CFC64_OH1,0317_1718,A,0.5070311427116394,-0.37984395027160645,0.5,-0.5,-14.869010606537733,-1.0634399690375846,2.126200840744983,19.987698639397827
1773764365.6436014,1773764365643608930,Sr02_gA+B_eps15_IMG1_LID1_STA1_CFC64_OH1,0317_1718,A,0.5052315592765808,-0.3777002990245819,0.5,-0.5,-14.906757127318425,-0.9989625869170756,2.0803384869624857,19.926314357219283
1773764365.7699528,1773764365769960983,Sr02_gA+B_eps15_IMG1_LID1_STA1_CFC64_OH1,0317_1718,A,0.4859115779399872,-0.0030839857645332813,0.5,0.0,-14.930785911997608,-0.955238774247584,2.0680259888161747,19.886164009859346
1773764365.8904245,1773764365890432944,Sr02_gA+B_eps15_IMG1_LID1_STA1_CFC64_OH1,0317_1718,A,0.47849002480506897,-0.2560671269893646,0.5,-0.5,-14.966176022298026,-0.8891513851473791,2.0560076395228277,19.826406103230564
1773764366.013998,1773764366014007122,Sr02_gA+B_eps15_IMG1_LID1_STA1_CFC64_OH1,0317_1718,A,0.5101927518844604,-0.03934523090720177,0.5,0.0,-14.988731719388937,-0.845181491342179,2.029940107996199,19.78760574227842
1773764366.136034,1773764366136048451,Sr02_gA+B_eps15_IMG1_LID1_STA1_CFC64_OH1,0317_1718,A,0.49933668971061707,-0.024419987574219704,0.5,0.0,-15.020597081183869,-0.7773448061668667,1.991395579063002,19.73050937374202
1773764366.2592487,1773764366259256399,Sr02_gA+B_eps15_IMG1_LID1_STA1_CFC64_OH1,0317_1718,A,0.503889262676239,0.017354141920804977,0.5,0.0,-15.040183486643224,-0.7315015321732854,1.9560194414973548,19.69376740238012
1773764366.3830755,1773764366383083363,Sr02_gA+B_eps15_IMG1_LID1_STA1_CFC64_OH1,0317_1718,A,0.5012181401252747,0.0016834838315844536,0.5,0.0,-15.058092368190964,-0.6848220462899232,1.9182494626158813,19.658270650291314
1773764366.5077162,1773764366507723771,Sr02_gA+B_eps15_IMG1_LID1_STA1_CFC64_OH1,0317_1718,A,0.4969880282878876,0.03600281849503517,0.5,0.0,-15.08196262886325,-0.6144620629330955,1.8881266155088412,19.60773883826262
1773764366.6267502,1773764366626758183,Sr02_gA+B_eps15_IMG1_LID1_STA1_CFC64_OH1,0317_1718,A,0.4960365295410156,0.023349851369857788,0.5,0.0,-15.097209690913747,-0.5673336870084505,1.8750728656138007,19.57465442606586
1773764366.7512362,1773764366751244230,Sr02_gA+B_eps15_IMG1_LID1_STA1_CFC64_OH1,0317_1718,A,0.49787622690200806,0.01611253246665001,0.5,0.0,-15.118929615205198,-0.4959269290973829,1.862064708973009,19.52592367078588
1773764366.8758042,1773764366875810487,Sr02_gA+B_eps15_IMG1_LID1_STA1_CFC64_OH1,0317_1718,A,0.5031291842460632,0.003944204188883305,0.5,0.0,-15.133229491795621,-0.4480154276578036,1.8596227027881895,19.49356939376707
1773764366.9959917,1773764366996000548,Sr02_gA+B_eps15_IMG1_LID1_STA1_CFC64_OH1,0317_1718,A,0.48275455832481384,0.030726294964551926,0.5,0.0,-15.154597628407268,-0.37613446164627035,1.8606228386385857,19.445247555376117
1773764367.116808,1773764367116816127,Sr02_gA+B_eps15_IMG1_LID1_STA1_CFC64_OH1,0317_1718,A,0.48747342824935913,0.06086825206875801,0.5,0.0,-15.168890959488364,-0.32822099419003475,1.860791187675899,19.41308597296094
1773764367.2366903,1773764367236699148,Sr02_gA+B_eps15_IMG1_LID1_STA1_CFC64_OH1,0317_1718,A,0.49609455466270447,0.0008358852937817574,0.5,0.0,-15.190506832388296,-0.25640358618309994,1.8657218600929126,19.364844644160154
1773764367.3573303,1773764367357338144,Sr02_gA+B_eps15_IMG1_LID1_STA1_CFC64_OH1,0317_1718,A,0.4934256076812744,0.030822455883026123,0.5,0.0,-15.205096102460853,-0.20857941085769247,1.868056844106451,19.3326353517906
1773764367.47628,1773764367476287075,Sr02_gA+B_eps15_IMG1_LID1_STA1_CFC64_OH1,0317_1718,A,0.4969576299190521,0.016554322093725204,0.5,0.0,-15.219788528738642,-0.1607868210784365,1.8698852194669888,19.300419186810156
1773764367.5952256,1773764367595233712,Sr02_gA+B_eps15_IMG1_LID1_STA1_CFC64_OH1,0317_1718,A,0.4975404441356659,0.016917996108531952,0.5,0.0,-15.241931996228887,-0.08913023853396145,1.8708419076908582,19.252153216583846
1773764367.7128856,1773764367712893353,Sr02_gA+B_eps15_IMG1_LID1_STA1_CFC64_OH1,0317_1718,A,0.4973166882991791,0.0010090786963701248,0.5,0.0,-15.256771394946325,-0.0413830914707621,1.8736466911985672,19.220009253502266
1773764367.8378916,1773764367837899490,Sr02_gA+B_eps15_IMG1_LID1_STA1_CFC64_OH1,0317_1718,A,0.49160972237586975,0.06898623704910278,0.5,0.0,-15.271814995957874,0.006300052717159212,1.8794320643072393,19.187777736725003
1773764367.9576595,1773764367957666974,Sr02_gA+B_eps15_IMG1_LID1_STA1_CFC64_OH1,0317_1718,A,0.489940345287323,0.06701850891113281,0.5,0.0,-15.29475686598974,0.07769292722709079,1.8821653607353916,19.139275776849143
1773764368.078567,1773764368078573374,Sr02_gA+B_eps15_IMG1_LID1_STA1_CFC64_OH1,0317_1718,A,0.49367403984069824,0.005462882108986378,0.5,0.0,-15.310111918466344,0.12527675581228015,1.8843479826933873,19.10698461542141
1773764368.1999857,1773764368199993713,Sr02_gA+B_eps15_IMG1_LID1_STA1_CFC64_OH1,0317_1718,A,0.4976024329662323,0.0028031086549162865,0.5,0.0,-15.333360871809669,0.1965823095047377,1.8872591811746322,19.058517205610347
1773764368.3283517,1773764368328359642,Sr02_gA+B_eps15_IMG1_LID1_STA1_CFC64_OH1,0317_1718,A,0.49289849400520325,0.0011591017246246338,0.5,0.0,-15.348961244698451,0.2440862825287244,1.8889473410059225,19.026219926651848
1773764368.4507685,1773764368450776088,Sr02_gA+B_eps15_IMG1_LID1_STA1_CFC64_OH1,0317_1718,A,0.49434608221054077,-0.001177729107439518,0.5,0.0,-15.372435834625236,0.315306253021689,1.889633442402864,18.977862604049015
1773764368.5722566,1773764368572264485,Sr02_gA+B_eps15_IMG1_LID1_STA1_CFC64_OH1,0317_1718,A,0.49837830662727356,-0.00012455880641937256,0.5,0.0,-15.388265742958323,0.362718886929753,1.8964804216746167,18.945578226718307
1773764368.697272,1773764368697281363,Sr02_gA+B_eps15_IMG1_LID1_STA1_CFC64_OH1,0317_1718,A,0.49994802474975586,-0.0016665901057422161,0.5,0.0,-15.412615004908375,0.4336437915601511,1.9055811442158466,18.896805191425713
1773764368.8234363,1773764368823443118,Sr02_gA+B_eps15_IMG1_LID1_STA1_CFC64_OH1,0317_1718,A,0.5022246241569519,0.0010267645120620728,0.5,0.0,-15.429056199366519,0.4808633504391024,1.906127438571238,18.86421469548095
1773764368.9479141,1773764368947922742,Sr02_gA+B_eps15_IMG1_LID1_STA1_CFC64_OH1,0317_1718,A,0.5015233159065247,-0.002637780737131834,0.5,0.0,-15.453754007703424,0.5516801384641513,1.9065580647734284,18.81544321856514
1773764369.0725946,1773764369072603797,Sr02_gA+B_eps15_IMG1_LID1_STA1_CFC64_OH1,0317_1718,A,0.49631497263908386,-0.0017222841270267963,0.5,0.0,-15.470231165956225,0.598887160570627,1.9066739751065633,18.783015274366807
1773764369.2040904,1773764369204098322,Sr02_gA+B_eps15_IMG1_LID1_STA1_CFC64_OH1,0317_1718,A,0.49466609954833984,0.03379373624920845,0.5,0.0,-15.494948065118944,0.6696972881849991,1.9065756486265892,18.734517381286334
1773764369.3374703,1773764369337477109,Sr02_gA+B_eps15_IMG1_LID1_STA1_CFC64_OH1,0317_1718,A,0.4976678490638733,0.01015056949108839,0.5,0.0,-15.511423023542923,0.7169050780891133,1.9065631927489366,18.70228508699738
1773764369.4594882,1773764369459495525,Sr02_gA+B_eps15_IMG1_LID1_STA1_CFC64_OH1,0317_1718,A,0.49748286604881287,0.019298985600471497,0.5,0.0,-15.536127288087487,0.7877196145391258,1.906355558124652,18.6540901460986
1773764369.579413,1773764369579420646,Sr02_gA+B_eps15_IMG1_LID1_STA1_CFC64_OH1,0317_1718,A,0.49760696291923523,0.004977361299097538,0.5,0.0,-15.552594487348,0.8349301115671296,1.9064215904649704,18.622060582868382
1773764369.7030187,1773764369703026615,Sr02_gA+B_eps15_IMG1_LID1_STA1_CFC64_OH1,0317_1718,A,0.49827152490615845,-0.026109930127859116,0.5,0.0,-15.57728264090001,0.9057502661321075,1.9060533889502127,18.574175364619986
1773764369.8201313,1773764369820138253,Sr02_gA+B_eps15_IMG1_LID1_STA1_CFC64_OH1,0317_1718,A,0.4971911311149597,-0.004470742307603359,0.5,0.0,-15.59372917034664,0.9529679677487765,1.9058811608040953,18.542361724383753
1773764369.9454336,1773764369945442181,Sr02_gA+B_eps15_IMG1_LID1_STA1_CFC64_OH1,0317_1718,A,0.4987108111381531,-0.0040476759895682335,0.5,0.0,-15.61854742125237,1.023742554845321,1.9103586079246864,18.494670501301787
1773764370.0631382,1773764370063147419,Sr02_gA+B_eps15_IMG1_LID1_STA1_CFC64_OH1,0317_1718,A,0.49956148862838745,-0.001541090663522482,0.5,0.0,-15.635225064888338,1.070879118899522,1.911373668250604,18.462868825132443
1773764370.188158,1773764370188165378,Sr02_gA+B_eps15_IMG1_LID1_STA1_CFC64_OH1,0317_1718,A,0.4998914301395416,-0.005281651392579079,0.5,0.0,-15.651964337786023,1.1179938270255596,1.9131205886310854,18.431097358474407
1773764370.3145025,1773764370314510178,Sr02_gA+B_eps15_IMG1_LID1_STA1_CFC64_OH1,0317_1718,A,0.49800822138786316,-0.004211868159472942,0.5,0.0,-15.677185395678931,1.188625952663285,1.9141536345810182,18.383500001813147
1773764370.4424467,1773764370442455926,Sr02_gA+B_eps15_IMG1_LID1_STA1_CFC64_OH1,0317_1718,A,0.5000103712081909,-0.014706302434206009,0.5,0.0,-15.693970338584593,1.2357244031766716,1.9118535420323461,18.351894086625624
1773764370.5668557,1773764370566864978,Sr02_gA+B_eps15_IMG1_LID1_STA1_CFC64_OH1,0317_1718,A,0.4969913959503174,-0.009872754104435444,0.5,0.0,-15.71897987889064,1.3064316963874414,1.910321579550539,18.304777613032694
1773764370.69317,1773764370693177497,Sr02_gA+B_eps15_IMG1_LID1_STA1_CFC64_OH1,0317_1718,A,0.4979732930660248,-0.018756143748760223,0.5,0.0,-15.735622310097936,1.3535807062644178,1.9099168125234736,18.273495479812613
1773764370.8178408,1773764370817848402,Sr02_gA+B_eps15_IMG1_LID1_STA1_CFC64_OH1,0317_1718,A,0.5000963807106018,-0.0063817561604082584,0.5,0.0,-15.760560158516403,1.424313322315877,1.9096355157594653,18.226750208504402
1773764370.9399185,1773764370939926962,Sr02_gA+B_eps15_IMG1_LID1_STA1_CFC64_OH1,0317_1718,A,0.49975860118865967,-0.006991874426603317,0.5,0.0,-15.777167328861522,1.4714747633236105,1.9091073543463444,18.195706744760063
1773764371.0595725,1773764371059579960,Sr02_gA+B_eps15_IMG1_LID1_STA1_CFC64_OH1,0317_1718,A,0.5003492832183838,-0.002789963036775589,0.5,0.0,-15.802036804044846,1.5422314470391474,1.9083706359606372,18.149334694433445
1773764371.1791475,1773764371179155823,Sr02_gA+B_eps15_IMG1_LID1_STA1_CFC64_OH1,0317_1718,A,0.4975779950618744,-0.004432773683220148,0.5,0.0,-15.81856207055523,1.58942164516358,1.9069000103583325,18.118571988045097
1773764371.3017128,1773764371301720839,Sr02_gA+B_eps15_IMG1_LID1_STA1_CFC64_OH1,0317_1718,A,0.49752387404441833,-0.00400103535503149,0.5,0.0,-15.84323909018566,1.6602456729362653,1.9053224251577234,18.072682078238902
